"Date","Market","Target","Channel","Audience","Cost","Impressions","Clicks","Conversions","Revenue"
2020-05-20,"US","HCPs","Display","Display",535.5,87941,17380,141,NA
2020-05-21,"US","HCPs","Display","Display",315,26375,2226,36,NA
2020-05-22,"US","HCPs","Display","Display",679,92630,22418,241,NA
2020-05-23,"US","HCPs","Display","Display",773.5,74150,19028,225,NA
2020-05-24,"US","HCPs","Display","Display",640.5,44426,12155,178,NA
2020-05-25,"US","HCPs","Display","Display",612.5,63132,16288,185,NA
2020-05-26,"US","HCPs","Display","Display",658,56570,14844,173,NA
2020-05-27,"US","HCPs","Display","Display",115.5,85,25,45,NA
2020-05-28,"US","HCPs","Display","Display",66.5,1,0,20,NA
2020-05-29,"US","HCPs","Display","Display",59.5,1,0,21,NA
2020-05-30,"US","HCPs","Display","Display",35,2,0,17,NA
2020-05-31,"US","HCPs","Display","Display",38.5,1,0,8,NA
2020-06-01,"US","HCPs","Display","Display",10.5,1,0,8,NA
2020-06-02,"US","HCPs","Display","Display",115.5,0,0,1,NA
2020-06-03,"US","HCPs","Display","Display",1956.5,244355,47775,435,NA
2020-06-04,"US","HCPs","Display","Display",1967,203834,62958,651,NA
2020-06-05,"US","HCPs","Display","Display",704,45598,17860,286,NA
2020-06-06,"US","HCPs","Display","Display",681.5,46425,18447,276,NA
2020-06-07,"US","HCPs","Display","Display",717,48466,19494,247,NA
2020-06-08,"US","HCPs","Display","Display",718.5,48325,18999,294,NA
2020-06-09,"US","HCPs","Display","Display",1151,52291,20854,277,NA
2020-06-10,"US","HCPs","Display","Display",1485,121552,49016,582,NA
2020-06-11,"US","HCPs","Display","Display",1786,123336,49297,642,NA
2020-06-12,"US","HCPs","Display","Display",2686.7,142651,58262,766,NA
2020-06-13,"US","HCPs","Display","Display",3289.8,215549,86348,1077,NA
2020-06-14,"US","HCPs","Display","Display",3530.4,284705,113249,1338,NA
2020-06-15,"US","HCPs","Display","Display",1842,184592,74929,1035,NA
2020-06-16,"US","HCPs","Display","Display",1414.57,89397,37124,583,NA
2020-06-17,"US","HCPs","Display","Display",794.15,46393,18943,343,NA
2020-06-18,"US","HCPs","Display","Display",676.17,29815,11918,259,NA
2020-06-19,"US","HCPs","Display","Display",444.47,15716,6257,195,NA
2020-06-20,"US","HCPs","Display","Display",279.81,7414,2783,117,NA
2020-06-21,"US","HCPs","Display","Display",187.43,4174,1447,84,NA
2020-06-22,"US","HCPs","Display","Display",108.12,3012,985,50,NA
2020-06-23,"US","HCPs","Display","Display",40.69,2,1,26,NA
2020-06-24,"US","HCPs","Display","Display",15.19,0,0,5,NA
2020-06-25,"US","HCPs","Display","Display",189.9,0,0,7,NA
2020-06-26,"US","HCPs","Display","Display",316.73,38838,13224,185,NA
2020-06-27,"US","HCPs","Display","Display",293.27,20631,7205,117,NA
2020-06-28,"US","HCPs","Display","Display",329.19,18772,6853,128,NA
2020-06-29,"US","HCPs","Display","Display",291.99,17563,6265,110,NA
2020-05-20,"US","Patients","Display","Display",16,1145,61,1,NA
2020-05-21,"US","Patients","Display","Display",28,26163,1037,6,NA
2020-05-22,"US","Patients","Display","Display",770,54033,4688,31,NA
2020-05-23,"US","Patients","Display","Display",882,121968,16953,246,NA
2020-05-24,"US","Patients","Display","Display",580,46743,6953,115,NA
2020-05-25,"US","Patients","Display","Display",613,34805,5918,123,NA
2020-05-26,"US","Patients","Display","Display",683,31343,5338,129,NA
2020-05-27,"US","Patients","Display","Display",534,17603,3701,135,NA
2020-05-28,"US","Patients","Display","Display",83,41,14,24,NA
2020-05-29,"US","Patients","Display","Display",45,3,4,14,NA
2020-05-30,"US","Patients","Display","Display",20,2,0,6,NA
2020-05-31,"US","Patients","Display","Display",20,1,0,4,NA
2020-06-01,"US","Patients","Display","Display",9,1,0,3,NA
2020-06-03,"US","Patients","Display","Display",1916,88895,17414,331,NA
2020-06-04,"US","Patients","Display","Display",1912,94269,25462,603,NA
2020-06-05,"US","Patients","Display","Display",624.5,23594,6737,247,NA
2020-06-06,"US","Patients","Display","Display",611,27762,8778,243,NA
2020-06-07,"US","Patients","Display","Display",578,26721,8801,226,NA
2020-06-08,"US","Patients","Display","Display",619,26837,8621,237,NA
2020-06-09,"US","Patients","Display","Display",862.5,28952,9310,239,NA
2020-06-10,"US","Patients","Display","Display",1138,47131,15348,348,NA
2020-06-11,"US","Patients","Display","Display",1166,61984,19806,400,NA
2020-06-12,"US","Patients","Display","Display",1503.6,62862,19310,389,NA
2020-06-13,"US","Patients","Display","Display",1913.85,124485,36721,586,NA
2020-06-14,"US","Patients","Display","Display",2847.75,187100,54434,948,NA
2020-06-15,"US","Patients","Display","Display",1494.15,96223,27808,628,NA
2020-06-16,"US","Patients","Display","Display",1294.15,50538,15292,417,NA
2020-06-17,"US","Patients","Display","Display",680.05,23822,6835,237,NA
2020-06-18,"US","Patients","Display","Display",585.75,21383,6800,184,NA
2020-06-19,"US","Patients","Display","Display",358.15,17855,5955,120,NA
2020-06-20,"US","Patients","Display","Display",167.75,5259,1616,61,NA
2020-06-21,"US","Patients","Display","Display",108.35,3639,1033,40,NA
2020-06-22,"US","Patients","Display","Display",126.1,4171,1188,38,NA
2020-06-23,"US","Patients","Display","Display",9.35,4,5,9,NA
2020-06-24,"US","Patients","Display","Display",10.2,0,0,2,NA
2020-06-25,"US","Patients","Display","Display",292.45,0,0,3,NA
2020-06-26,"US","Patients","Display","Display",342.9,27426,8233,177,NA
2020-06-27,"US","Patients","Display","Display",268.1,10498,3032,94,NA
2020-06-28,"US","Patients","Display","Display",265.7,12722,3871,82,NA
2020-06-29,"US","Patients","Display","Display",297.9,10043,3027,86,NA
2020-05-21,NA,"HCPs","Facebook","wide",0.54,75,2,1,NA
2020-05-22,NA,"HCPs","Facebook","wide",11.24,1060,15,1,NA
2020-05-23,NA,"HCPs","Facebook","wide",11.34,1100,11,5,NA
2020-05-24,NA,"HCPs","Facebook","wide",0.96,100,1,0,NA
2020-05-29,NA,"HCPs","Facebook","wide",58.09,8618,118,41,NA
2020-05-30,NA,"HCPs","Facebook","wide",202.85,15159,284,78,NA
2020-05-31,NA,"HCPs","Facebook","wide",274.05,26779,478,149,NA
2020-06-01,NA,"HCPs","Facebook","wide",212.88,20467,449,144,NA
2020-06-02,NA,"HCPs","Facebook","wide",67.92,13459,175,54,NA
2020-06-03,NA,"HCPs","Facebook","wide",1214.79,148907,2258,536,NA
2020-06-04,NA,"HCPs","Facebook","wide",1678.74,170643,2623,684,NA
2020-06-05,NA,"HCPs","Facebook","wide",1587.95,151096,2336,702,NA
2020-06-06,NA,"HCPs","Facebook","wide",1519.33,130177,1960,587,NA
2020-06-07,NA,"HCPs","Facebook","wide",1473.4,147574,2287,651,NA
2020-06-08,NA,"HCPs","Facebook","wide",1301.28,127192,1811,601,NA
2020-06-09,NA,"HCPs","Facebook","wide",2289.4,221324,3088,890,NA
2020-06-10,NA,"HCPs","Facebook","wide",2296.58,205738,2960,877,NA
2020-06-11,NA,"HCPs","Facebook","wide",2346.25,211291,2902,819,NA
2020-06-12,NA,"HCPs","Facebook","10%lal",131.87,12002,247,17,NA
2020-06-12,NA,"HCPs","Facebook","2%lal",130.77,12216,234,31,NA
2020-06-12,NA,"HCPs","Facebook","5%lal",132.05,14355,212,17,NA
2020-06-12,NA,"HCPs","Facebook","dense_metro",116.65,9872,246,24,NA
2020-06-12,NA,"HCPs","Facebook","in-market",131.23,9872,306,25,NA
2020-06-12,NA,"HCPs","Facebook","remarketing",130.58,11717,200,11,NA
2020-06-12,NA,"HCPs","Facebook","wide",2117.6,167863,5003,747,NA
2020-06-13,NA,"HCPs","Facebook","wide",1103.96,76816,1353,403,NA
2020-06-13,NA,"HCPs","Facebook","10%lal",211.08,16689,247,49,NA
2020-06-13,NA,"HCPs","Facebook","2%lal",211.16,18894,255,46,NA
2020-06-13,NA,"HCPs","Facebook","5%lal",211.29,21780,224,50,NA
2020-06-13,NA,"HCPs","Facebook","dense_metro",200.61,16255,257,47,NA
2020-06-13,NA,"HCPs","Facebook","in-market",210.8,14290,273,53,NA
2020-06-13,NA,"HCPs","Facebook","remarketing",211.88,17535,249,51,NA
2020-06-14,NA,"HCPs","Facebook","wide",924.99,68626,1010,319,NA
2020-06-14,NA,"HCPs","Facebook","10%lal",184.7,14369,215,67,NA
2020-06-14,NA,"HCPs","Facebook","2%lal",185.49,16672,216,61,NA
2020-06-14,NA,"HCPs","Facebook","5%lal",186.16,19677,174,60,NA
2020-06-14,NA,"HCPs","Facebook","dense_metro",176.41,14649,201,55,NA
2020-06-14,NA,"HCPs","Facebook","in-market",185.73,12494,223,59,NA
2020-06-14,NA,"HCPs","Facebook","remarketing",186.06,16510,215,65,NA
2020-06-15,NA,"HCPs","Facebook","wide",916.07,62754,1063,346,NA
2020-06-15,NA,"HCPs","Facebook","10%lal",150.4,11348,156,58,NA
2020-06-15,NA,"HCPs","Facebook","2%lal",150.35,12279,186,58,NA
2020-06-15,NA,"HCPs","Facebook","5%lal",138.78,13968,148,43,NA
2020-06-15,NA,"HCPs","Facebook","dense_metro",149.26,12525,178,56,NA
2020-06-15,NA,"HCPs","Facebook","in-market",148.83,9633,186,53,NA
2020-06-15,NA,"HCPs","Facebook","remarketing",138.94,12214,175,53,NA
2020-06-16,NA,"HCPs","Facebook","wide",315.49,22556,493,203,NA
2020-06-16,NA,"HCPs","Facebook","10%lal",0,0,0,6,NA
2020-06-16,NA,"HCPs","Facebook","2%lal",0,0,0,12,NA
2020-06-16,NA,"HCPs","Facebook","5%lal",0,0,0,6,NA
2020-06-16,NA,"HCPs","Facebook","dense_metro",17.27,1325,19,9,NA
2020-06-16,NA,"HCPs","Facebook","in-market",23.1,1730,26,8,NA
2020-06-16,NA,"HCPs","Facebook","remarketing",21.68,1807,23,13,NA
2020-06-17,NA,"HCPs","Facebook","10%lal-cr",13.19,679,11,3,NA
2020-06-17,NA,"HCPs","Facebook","10%lal",0,0,0,1,NA
2020-06-17,NA,"HCPs","Facebook","2%lal-cr",12.93,734,22,6,NA
2020-06-17,NA,"HCPs","Facebook","2%lal",0,0,0,2,NA
2020-06-17,NA,"HCPs","Facebook","5%lal-cr",13.16,849,13,3,NA
2020-06-17,NA,"HCPs","Facebook","5%lal",0,0,0,1,NA
2020-06-17,NA,"HCPs","Facebook","dense_metro",50.58,3208,86,25,NA
2020-06-17,NA,"HCPs","Facebook","in-market",50.66,2822,64,28,NA
2020-06-17,NA,"HCPs","Facebook","remarketing",50.34,3296,68,22,NA
2020-06-17,NA,"HCPs","Facebook","wide",412.2,24173,632,208,NA
2020-06-18,NA,"HCPs","Facebook","wide",397.7,20058,488,174,NA
2020-06-18,NA,"HCPs","Facebook","10%lal-cr",49.11,2467,62,15,NA
2020-06-18,NA,"HCPs","Facebook","10%lal",0,0,0,1,NA
2020-06-18,NA,"HCPs","Facebook","2%lal-cr",49.82,2607,52,17,NA
2020-06-18,NA,"HCPs","Facebook","2%lal",0,0,0,2,NA
2020-06-18,NA,"HCPs","Facebook","5%lal-cr",49.13,2755,70,22,NA
2020-06-18,NA,"HCPs","Facebook","5%lal",0,0,0,1,NA
2020-06-18,NA,"HCPs","Facebook","dense_metro",52.6,3196,84,22,NA
2020-06-18,NA,"HCPs","Facebook","in-market",50.97,2425,50,16,NA
2020-06-18,NA,"HCPs","Facebook","remarketing",50.95,2801,85,22,NA
2020-06-19,NA,"HCPs","Facebook","10%lal-cr",36.44,1646,51,11,NA
2020-06-19,NA,"HCPs","Facebook","10%lal",0,0,0,1,NA
2020-06-19,NA,"HCPs","Facebook","2%lal-cr",36.36,1677,45,16,NA
2020-06-19,NA,"HCPs","Facebook","2%lal",0,0,0,3,NA
2020-06-19,NA,"HCPs","Facebook","5%lal-cr",36.31,1638,45,16,NA
2020-06-19,NA,"HCPs","Facebook","5%lal",0,0,0,3,NA
2020-06-19,NA,"HCPs","Facebook","dense_metro",35.43,2036,54,14,NA
2020-06-19,NA,"HCPs","Facebook","in-market",35.66,1452,44,10,NA
2020-06-19,NA,"HCPs","Facebook","remarketing",36.09,1776,62,16,NA
2020-06-19,NA,"HCPs","Facebook","wide",411.14,19165,552,178,NA
2020-06-20,NA,"HCPs","Facebook","wide",428.59,21532,655,200,NA
2020-06-20,NA,"HCPs","Facebook","10%lal-cr",0,0,0,1,NA
2020-06-20,NA,"HCPs","Facebook","10%lal",0,0,0,2,NA
2020-06-20,NA,"HCPs","Facebook","2%lal-cr",0,0,0,1,NA
2020-06-20,NA,"HCPs","Facebook","5%lal-cr",0,0,0,2,NA
2020-06-20,NA,"HCPs","Facebook","5%lal",0,0,0,2,NA
2020-06-20,NA,"HCPs","Facebook","dense_metro",0,0,0,1,NA
2020-06-20,NA,"HCPs","Facebook","in-market",0,0,0,5,NA
2020-06-20,NA,"HCPs","Facebook","remarketing",0,0,0,3,NA
2020-06-21,NA,"HCPs","Facebook","10%lal-cr",0,0,0,1,NA
2020-06-21,NA,"HCPs","Facebook","10%lal",0,0,0,2,NA
2020-06-21,NA,"HCPs","Facebook","2%lal-cr",0,0,0,1,NA
2020-06-21,NA,"HCPs","Facebook","5%lal",0,0,0,3,NA
2020-06-21,NA,"HCPs","Facebook","dense_metro",0,0,0,1,NA
2020-06-21,NA,"HCPs","Facebook","in-market",0,0,0,1,NA
2020-06-21,NA,"HCPs","Facebook","remarketing",0,0,0,1,NA
2020-06-21,NA,"HCPs","Facebook","wide",371.1,18665,593,168,NA
2020-06-22,NA,"HCPs","Facebook","10%lal-cr",0,0,0,1,NA
2020-06-22,NA,"HCPs","Facebook","5%lal-cr",0,0,0,2,NA
2020-06-22,NA,"HCPs","Facebook","dense_metro",0,0,0,1,NA
2020-06-22,NA,"HCPs","Facebook","wide",278.9,15877,408,131,NA
2020-06-23,NA,"HCPs","Facebook","2%lal-cr",20.55,1046,17,4,NA
2020-06-23,NA,"HCPs","Facebook","in-market",0,0,0,2,NA
2020-06-23,NA,"HCPs","Facebook","wide",72.6,4873,134,49,NA
2020-06-24,NA,"HCPs","Facebook","2%lal-cr",27.35,1270,53,16,NA
2020-06-24,NA,"HCPs","Facebook","in-market",0,0,0,2,NA
2020-06-24,NA,"HCPs","Facebook","remarketing",0,0,0,1,NA
2020-06-24,NA,"HCPs","Facebook","wide",251.01,15582,493,161,NA
2020-06-25,NA,"HCPs","Facebook","10%lal-cr",0,0,0,1,NA
2020-06-25,NA,"HCPs","Facebook","2%lal-cr",28.09,1347,23,9,NA
2020-06-25,NA,"HCPs","Facebook","5%lal-cr",0,0,0,1,NA
2020-06-25,NA,"HCPs","Facebook","wide",259.15,16463,497,179,NA
2020-06-26,NA,"HCPs","Facebook","2%lal-cr",27.93,1314,50,9,NA
2020-06-26,NA,"HCPs","Facebook","wide",263.31,16412,543,165,NA
2020-06-27,NA,"HCPs","Facebook","2%lal-cr",27.85,1209,41,15,NA
2020-06-27,NA,"HCPs","Facebook","wide",270.15,15772,456,130,NA
2020-06-28,NA,"HCPs","Facebook","2%lal-cr",22.87,1075,39,9,NA
2020-06-28,NA,"HCPs","Facebook","wide",230.51,13743,502,154,NA
2020-06-29,NA,"HCPs","Facebook","2%lal-cr",17.61,938,33,12,NA
2020-06-29,NA,"HCPs","Facebook","wide",175.66,11638,323,98,NA
2020-05-21,NA,"Patients","Facebook","wide",0.32,14,0,0,NA
2020-05-22,NA,"Patients","Facebook","wide",11.11,687,11,1,NA
2020-05-23,NA,"Patients","Facebook","wide",11.51,510,11,5,NA
2020-05-24,NA,"Patients","Facebook","wide",0.68,40,1,1,NA
2020-05-29,NA,"Patients","Facebook","wide",57.19,5834,169,71,NA
2020-05-30,NA,"Patients","Facebook","wide",202.88,10744,494,184,NA
2020-05-31,NA,"Patients","Facebook","wide",273.32,21998,719,298,NA
2020-06-01,NA,"Patients","Facebook","wide",212.96,14305,558,262,NA
2020-06-02,NA,"Patients","Facebook","wide",67.67,11940,242,82,NA
2020-06-03,NA,"Patients","Facebook","wide",1216.44,110226,2600,778,NA
2020-06-04,NA,"Patients","Facebook","wide",1673.72,104793,2854,919,NA
2020-06-05,NA,"Patients","Facebook","wide",1632.58,130968,2710,915,NA
2020-06-06,NA,"Patients","Facebook","wide",1734.2,120092,2627,834,NA
2020-06-07,NA,"Patients","Facebook","wide",1794.76,159195,3114,944,NA
2020-06-08,NA,"Patients","Facebook","wide",1554.72,133488,2402,807,NA
2020-06-09,NA,"Patients","Facebook","wide",2702.02,222090,4021,1169,NA
2020-06-10,NA,"Patients","Facebook","wide",2780.94,196459,3726,1225,NA
2020-06-11,NA,"Patients","Facebook","wide",2764.78,231745,3422,1101,NA
2020-06-12,NA,"Patients","Facebook","10%lal",131.61,15226,271,25,NA
2020-06-12,NA,"Patients","Facebook","2%lal",125.91,8679,258,21,NA
2020-06-12,NA,"Patients","Facebook","5%lal",131.96,11626,262,19,NA
2020-06-12,NA,"Patients","Facebook","in-market",129.55,18190,320,24,NA
2020-06-12,NA,"Patients","Facebook","remarketing",130.44,9814,294,14,NA
2020-06-12,NA,"Patients","Facebook","wide",3218.79,197454,6998,1105,NA
2020-06-13,NA,"Patients","Facebook","wide",4262.09,194133,4407,1162,NA
2020-06-13,NA,"Patients","Facebook","10%lal",211.39,24222,339,51,NA
2020-06-13,NA,"Patients","Facebook","2%lal",211.31,16137,295,53,NA
2020-06-13,NA,"Patients","Facebook","5%lal",211.44,18043,283,50,NA
2020-06-13,NA,"Patients","Facebook","in-market",212.43,30668,351,48,NA
2020-06-13,NA,"Patients","Facebook","remarketing",211.99,16428,306,56,NA
2020-06-14,NA,"Patients","Facebook","wide",3689,184141,3485,1053,NA
2020-06-14,NA,"Patients","Facebook","10%lal",184.84,21883,200,66,NA
2020-06-14,NA,"Patients","Facebook","2%lal",185.43,13501,205,41,NA
2020-06-14,NA,"Patients","Facebook","5%lal",185.09,15895,190,47,NA
2020-06-14,NA,"Patients","Facebook","in-market",184.61,29020,247,60,NA
2020-06-14,NA,"Patients","Facebook","remarketing",184.82,14747,239,54,NA
2020-06-15,NA,"Patients","Facebook","wide",2639.97,138999,2799,796,NA
2020-06-15,NA,"Patients","Facebook","10%lal",150.05,15626,192,58,NA
2020-06-15,NA,"Patients","Facebook","2%lal",139.57,10265,163,44,NA
2020-06-15,NA,"Patients","Facebook","5%lal",139.89,12618,185,49,NA
2020-06-15,NA,"Patients","Facebook","in-market",140.34,22398,178,56,NA
2020-06-15,NA,"Patients","Facebook","remarketing",140.07,10863,204,48,NA
2020-06-16,NA,"Patients","Facebook","wide",337.56,23155,461,245,NA
2020-06-16,NA,"Patients","Facebook","10%lal",0,0,0,12,NA
2020-06-16,NA,"Patients","Facebook","2%lal",0,0,0,4,NA
2020-06-16,NA,"Patients","Facebook","5%lal",0,0,0,5,NA
2020-06-16,NA,"Patients","Facebook","in-market",22.46,1857,28,18,NA
2020-06-16,NA,"Patients","Facebook","remarketing",22.11,1468,19,15,NA
2020-06-17,NA,"Patients","Facebook","10%lal-cr",13.45,904,11,3,NA
2020-06-17,NA,"Patients","Facebook","10%lal",0,0,0,3,NA
2020-06-17,NA,"Patients","Facebook","2%lal-cr",12.98,602,14,4,NA
2020-06-17,NA,"Patients","Facebook","2%lal",0,0,0,2,NA
2020-06-17,NA,"Patients","Facebook","5%lal-cr",12.91,571,13,4,NA
2020-06-17,NA,"Patients","Facebook","in-market",50.14,3142,57,21,NA
2020-06-17,NA,"Patients","Facebook","remarketing",50.3,3044,72,25,NA
2020-06-17,NA,"Patients","Facebook","wide",459.34,26119,549,256,NA
2020-06-18,NA,"Patients","Facebook","10%lal-cr",49.31,2995,71,18,NA
2020-06-18,NA,"Patients","Facebook","10%lal",0,0,0,2,NA
2020-06-18,NA,"Patients","Facebook","2%lal-cr",49.33,2347,66,16,NA
2020-06-18,NA,"Patients","Facebook","2%lal",0,0,0,2,NA
2020-06-18,NA,"Patients","Facebook","5%lal-cr",49.79,2087,57,19,NA
2020-06-18,NA,"Patients","Facebook","5%lal",0,0,0,2,NA
2020-06-18,NA,"Patients","Facebook","in-market",51.7,2658,46,20,NA
2020-06-18,NA,"Patients","Facebook","remarketing",51.35,2490,69,16,NA
2020-06-18,NA,"Patients","Facebook","wide",452.87,23484,496,206,NA
2020-06-19,NA,"Patients","Facebook","10%lal-cr",35.83,1589,49,13,NA
2020-06-19,NA,"Patients","Facebook","10%lal",0,0,0,4,NA
2020-06-19,NA,"Patients","Facebook","2%lal-cr",36.19,1329,33,11,NA
2020-06-19,NA,"Patients","Facebook","2%lal",0,0,0,1,NA
2020-06-19,NA,"Patients","Facebook","5%lal-cr",36.26,1266,42,16,NA
2020-06-19,NA,"Patients","Facebook","in-market",35.16,1487,34,10,NA
2020-06-19,NA,"Patients","Facebook","remarketing",36.13,1537,42,20,NA
2020-06-19,NA,"Patients","Facebook","wide",446.38,19573,459,187,NA
2020-06-20,NA,"Patients","Facebook","10%lal-cr",0,0,0,3,NA
2020-06-20,NA,"Patients","Facebook","10%lal",0,0,0,4,NA
2020-06-20,NA,"Patients","Facebook","2%lal-cr",0,0,0,3,NA
2020-06-20,NA,"Patients","Facebook","5%lal-cr",0,0,0,1,NA
2020-06-20,NA,"Patients","Facebook","in-market",0,0,0,2,NA
2020-06-20,NA,"Patients","Facebook","remarketing",0,0,0,2,NA
2020-06-20,NA,"Patients","Facebook","wide",430.55,20696,513,186,NA
2020-06-21,NA,"Patients","Facebook","wide",369.59,17153,462,192,NA
2020-06-21,NA,"Patients","Facebook","10%lal-cr",0,0,0,2,NA
2020-06-21,NA,"Patients","Facebook","10%lal",0,0,0,1,NA
2020-06-21,NA,"Patients","Facebook","2%lal-cr",0,0,0,2,NA
2020-06-21,NA,"Patients","Facebook","2%lal",0,0,0,1,NA
2020-06-21,NA,"Patients","Facebook","5%lal-cr",0,0,0,1,NA
2020-06-21,NA,"Patients","Facebook","in-market",0,0,0,1,NA
2020-06-21,NA,"Patients","Facebook","remarketing",0,0,0,1,NA
2020-06-22,NA,"Patients","Facebook","wide",280.41,16303,335,126,NA
2020-06-22,NA,"Patients","Facebook","10%lal-cr",0,0,0,1,NA
2020-06-22,NA,"Patients","Facebook","remarketing",0,0,0,1,NA
2020-06-23,NA,"Patients","Facebook","10%lal-cr",0,0,0,2,NA
2020-06-23,NA,"Patients","Facebook","2%lal-cr",20.26,666,31,10,NA
2020-06-23,NA,"Patients","Facebook","5%lal-cr",0,0,0,1,NA
2020-06-23,NA,"Patients","Facebook","in-market",0,0,0,1,NA
2020-06-23,NA,"Patients","Facebook","remarketing",0,0,0,1,NA
2020-06-23,NA,"Patients","Facebook","wide",146.14,8569,206,67,NA
2020-06-24,NA,"Patients","Facebook","2%lal-cr",27.38,711,33,11,NA
2020-06-24,NA,"Patients","Facebook","5%lal-cr",0,0,0,1,NA
2020-06-24,NA,"Patients","Facebook","wide",257.39,13086,392,130,NA
2020-06-25,NA,"Patients","Facebook","2%lal-cr",27.87,677,47,15,NA
2020-06-25,NA,"Patients","Facebook","wide",261.85,14873,379,136,NA
2020-06-26,NA,"Patients","Facebook","2%lal-cr",27.59,698,38,20,NA
2020-06-26,NA,"Patients","Facebook","wide",267.39,12328,351,120,NA
2020-06-27,NA,"Patients","Facebook","2%lal-cr",27.85,655,46,22,NA
2020-06-27,NA,"Patients","Facebook","wide",274.83,10784,347,122,NA
2020-06-28,NA,"Patients","Facebook","2%lal-cr",23.21,602,38,12,NA
2020-06-28,NA,"Patients","Facebook","wide",231.23,8603,311,121,NA
2020-06-29,NA,"Patients","Facebook","2%lal-cr",17.38,477,23,14,NA
2020-06-29,NA,"Patients","Facebook","wide",174.96,6746,244,85,NA
2020-06-04,"US","HCPs","Native","Native",4.972856333,3383,6,0,NA
2020-06-04,"US","HCPs","Native","Native",4.972856333,2391,3,0,NA
2020-06-04,"US","HCPs","Native","Native",4.972856333,3684,2,0,NA
2020-06-05,"US","HCPs","Native","Native",2.769782167,1112,5,0,NA
2020-06-05,"US","HCPs","Native","Native",2.769782167,1135,1,0,NA
2020-06-05,"US","HCPs","Native","Native",2.769782167,1253,2,0,NA
2020-06-05,"US","HCPs","Native","Native",2.769782167,1385,2,0,NA
2020-06-05,"US","HCPs","Native","Native",2.769782167,1169,2,0,NA
2020-06-05,"US","HCPs","Native","Native",2.769782167,1565,2,0,NA
2020-06-06,"US","HCPs","Native","Native",1.916458667,935,1,0,NA
2020-06-06,"US","HCPs","Native","Native",1.916458667,1198,1,0,NA
2020-06-06,"US","HCPs","Native","Native",1.916458667,887,2,0,NA
2020-06-13,"US","HCPs","Native","Native",17.100839,10119,22,0,NA
2020-06-14,"US","HCPs","Native","Native",15.00511,9807,38,1,NA
2020-06-15,"US","HCPs","Native","Native",8.232765,5311,30,0,NA
2020-06-04,"US","Patients","Native","Native",4.927657,2501,2,0,NA
2020-06-04,"US","Patients","Native","Native",4.927657,2281,2,0,NA
2020-06-04,"US","Patients","Native","Native",4.927657,2404,1,0,NA
2020-06-05,"US","Patients","Native","Native",2.451740167,1257,3,0,NA
2020-06-05,"US","Patients","Native","Native",2.451740167,1257,2,0,NA
2020-06-05,"US","Patients","Native","Native",2.451740167,1297,3,0,NA
2020-06-05,"US","Patients","Native","Native",2.451740167,1017,1,0,NA
2020-06-05,"US","Patients","Native","Native",2.451740167,1196,1,0,NA
2020-06-05,"US","Patients","Native","Native",2.451740167,1005,2,0,NA
2020-06-06,"US","Patients","Native","Native",2.326039,1776,2,1,NA
2020-06-06,"US","Patients","Native","Native",2.326039,1016,4,0,NA
2020-06-06,"US","Patients","Native","Native",2.326039,969,1,0,NA
2020-06-13,"US","Patients","Native","Native",1.713616667,1190,6,0,NA
2020-06-13,"US","Patients","Native","Native",1.713616667,1371,6,0,NA
2020-06-13,"US","Patients","Native","Native",1.713616667,936,13,0,NA
2020-06-14,"US","Patients","Native","Native",0.804935667,323,1,0,NA
2020-06-14,"US","Patients","Native","Native",0.804935667,329,2,0,NA
2020-06-14,"US","Patients","Native","Native",0.804935667,497,18,0,NA
2020-06-15,"US","Patients","Native","Native",2.714600333,1274,26,0,NA
2020-06-15,"US","Patients","Native","Native",2.714600333,1201,21,0,NA
2020-06-15,"US","Patients","Native","Native",2.714600333,1141,30,0,NA
2020-06-08,"US","HCPs","Snapchat","Snapchat",49.998,0,0,7,NA
2020-06-09,"US","HCPs","Snapchat","Snapchat",13.6652,0,0,3,NA
2020-06-09,"US","HCPs","Snapchat","snapchat",13.6652,0,0,4,NA
2020-06-10,"US","HCPs","Snapchat","Snapchat",0,0,0,2,NA
2020-06-10,"US","HCPs","Snapchat","snapchat",0,0,0,2,NA
2020-06-11,"US","HCPs","Snapchat","Snapchat",0,0,0,1,NA
2020-06-12,"US","HCPs","Snapchat","Snapchat",100,0,0,1,NA
2020-06-12,"US","HCPs","Snapchat","snapchat",100,70774,204,0,NA
2020-06-13,"US","HCPs","Snapchat","Snapchat",75,0,0,1,NA
2020-06-13,"US","HCPs","Snapchat","snapchat",75,39443,168,7,NA
2020-06-13,"US","HCPs","Snapchat","snapchat",75,15213,82,0,NA
2020-06-14,"US","HCPs","Snapchat","Snapchat",92.1461,0,0,1,NA
2020-06-14,"US","HCPs","Snapchat","snapchat",92.1461,58871,241,11,NA
2020-06-14,"US","HCPs","Snapchat","snapchat",92.1461,35545,149,4,NA
2020-06-15,"US","HCPs","Snapchat","snapchat",50,34767,133,13,NA
2020-06-15,"US","HCPs","Snapchat","snapchat",50,1633,12,5,NA
2020-06-16,"US","HCPs","Snapchat","snapchat",50,33910,130,3,NA
2020-06-16,"US","HCPs","Snapchat","snapchat",50,0,0,2,NA
2020-06-17,"US","HCPs","Snapchat","snapchat",50,27717,127,6,NA
2020-06-18,"US","HCPs","Snapchat","snapchat",50,27669,107,6,NA
2020-06-19,"US","HCPs","Snapchat","snapchat",50,31728,140,5,NA
2020-06-20,"US","HCPs","Snapchat","snapchat",49.9794,32902,139,14,NA
2020-06-21,"US","HCPs","Snapchat","snapchat",49.9985,41630,131,10,NA
2020-06-22,"US","HCPs","Snapchat","snapchat",0,0,0,10,NA
2020-06-23,"US","HCPs","Snapchat","snapchat",0,0,0,7,NA
2020-06-24,"US","HCPs","Snapchat","snapchat",0,0,0,1,NA
2020-06-26,"US","HCPs","Snapchat","snapchat",0,0,0,2,NA
2020-06-27,"US","HCPs","Snapchat","snapchat",0,0,0,1,NA
2020-06-07,"US","Patients","Snapchat","Snapchat",94.6045,0,0,1,NA
2020-06-08,"US","Patients","Snapchat","Snapchat",58.1345,0,0,15,NA
2020-06-09,"US","Patients","Snapchat","snapchat",23.253,0,0,11,NA
2020-06-09,"US","Patients","Snapchat","snapchat",23.253,0,0,4,NA
2020-06-10,"US","Patients","Snapchat","Snapchat",0,0,0,1,NA
2020-06-10,"US","Patients","Snapchat","snapchat",0,0,0,2,NA
2020-06-11,"US","Patients","Snapchat","Snapchat",0,0,0,2,NA
2020-06-11,"US","Patients","Snapchat","snapchat",0,0,0,1,NA
2020-06-12,"US","Patients","Snapchat","snapchat",99.7617,64512,492,0,NA
2020-06-13,"US","Patients","Snapchat","snapchat",75,37217,351,12,NA
2020-06-13,"US","Patients","Snapchat","snapchat",75,8462,79,0,NA
2020-06-14,"US","Patients","Snapchat","snapchat",94.6059,61132,626,10,NA
2020-06-14,"US","Patients","Snapchat","snapchat",94.6059,24077,248,5,NA
2020-06-15,"US","Patients","Snapchat","Snapchat",50,0,0,1,NA
2020-06-15,"US","Patients","Snapchat","snapchat",50,39455,372,10,NA
2020-06-15,"US","Patients","Snapchat","snapchat",50,1513,24,6,NA
2020-06-16,"US","Patients","Snapchat","snapchat",50,30767,276,6,NA
2020-06-16,"US","Patients","Snapchat","snapchat",50,0,0,2,NA
2020-06-17,"US","Patients","Snapchat","snapchat",50,23273,182,8,NA
2020-06-18,"US","Patients","Snapchat","snapchat",50,19468,186,5,NA
2020-06-19,"US","Patients","Snapchat","snapchat",50,20427,225,3,NA
2020-06-20,"US","Patients","Snapchat","snapchat",50,25526,198,6,NA
2020-06-21,"US","Patients","Snapchat","snapchat",49.9932,38706,320,9,NA
2020-06-22,"US","Patients","Snapchat","snapchat",0,0,0,14,NA
2020-06-23,"US","Patients","Snapchat","snapchat",0,0,0,1,NA
2020-06-24,"US","Patients","Snapchat","snapchat",0,0,0,2,NA
2020-06-26,"US","Patients","Snapchat","snapchat",0,0,0,2,NA
2020-06-27,"US","Patients","Snapchat","snapchat",0,0,0,1,NA
2020-06-28,"US","Patients","Snapchat","Snapchat",0,0,0,1,NA
2020-06-29,"US","Patients","Snapchat","snapchat",0,0,0,1,NA
2020-06-09,NA,"HCPs","Spotify","Spotify",0,0,0,0,NA
2020-06-13,NA,"HCPs","Spotify","Spotify",40.5,21204,1,1,NA
2020-06-13,NA,"HCPs","Spotify","Spotify",40.5,30916,250331,13,NA
2020-06-13,NA,"HCPs","Spotify","Spotify",40.5,16946,1,0,NA
2020-06-14,NA,"HCPs","Spotify","Spotify",13.5,7105,132913,22,NA
2020-06-15,NA,"HCPs","Spotify","Spotify",13.5,9441,145196,7,NA
2020-06-16,NA,"HCPs","Spotify","Spotify",56.25,25803,182753,16,NA
2020-06-17,NA,"HCPs","Spotify","Spotify",0,0,269810,24,NA
2020-06-18,NA,"HCPs","Spotify","Spotify",99,57225,380855,10,NA
2020-06-19,NA,"HCPs","Spotify","Spotify",18,8571,423903,46,NA
2020-06-20,NA,"HCPs","Spotify","Spotify",0,0,295062,7,NA
2020-06-21,NA,"HCPs","Spotify","Spotify",0,0,304712,0,NA
2020-06-22,NA,"HCPs","Spotify","Spotify",22.5,12784,312263,0,NA
2020-06-23,NA,"HCPs","Spotify","Spotify",45,25714,243571,35,NA
2020-06-24,NA,"HCPs","Spotify","Spotify",4.5,3261,184409,30,NA
2020-06-25,NA,"HCPs","Spotify","Spotify",0,0,0,18,NA
2020-06-26,NA,"HCPs","Spotify","Spotify",0,0,0,14,NA
2020-06-27,NA,"HCPs","Spotify","Spotify",0,0,0,6,NA
2020-06-28,NA,"HCPs","Spotify","Spotify",0,0,0,9,NA
2020-06-29,NA,"HCPs","Spotify","Spotify",0,0,0,2,NA
2020-06-09,NA,"Patients","Spotify","Spotify",0,0,1,0,NA
2020-06-13,NA,"Patients","Spotify","Spotify",51.75,32547,1,0,NA
2020-06-13,NA,"Patients","Spotify","Spotify",51.75,24070,198945,117,NA
2020-06-13,NA,"Patients","Spotify","Spotify",51.75,32547,3,0,NA
2020-06-13,NA,"Patients","Spotify","Spotify",51.75,24526,2,0,NA
2020-06-14,NA,"Patients","Spotify","Spotify",110.25,47318,119583,78,NA
2020-06-15,NA,"Patients","Spotify","Spotify",94.5,39212,104931,152,NA
2020-06-16,NA,"Patients","Spotify","Spotify",524.25,397159,86001,104,NA
2020-06-16,NA,"Patients","Spotify","Spotify",524.25,237217,9,0,NA
2020-06-17,NA,"Patients","Spotify","Spotify",319.5,183621,396379,265,NA
2020-06-18,NA,"Patients","Spotify","Spotify",393.75,200893,238518,185,NA
2020-06-19,NA,"Patients","Spotify","Spotify",391.5,241667,280738,196,NA
2020-06-20,NA,"Patients","Spotify","Spotify",360,162162,268095,265,NA
2020-06-21,NA,"Patients","Spotify","Spotify",463.5,200649,242940,227,NA
2020-06-22,NA,"Patients","Spotify","Spotify",436.5,203972,252995,326,NA
2020-06-23,NA,"Patients","Spotify","Spotify",393.75,171196,275136,236,NA
2020-06-24,NA,"Patients","Spotify","Spotify",438.75,214024,252968,215,NA
2020-06-25,NA,"Patients","Spotify","Spotify",508.5,223026,259468,245,NA
2020-06-26,NA,"Patients","Spotify","Spotify",470.25,326563,190415,277,NA
2020-06-27,NA,"Patients","Spotify","Spotify",481.5,210262,232452,320,NA
2020-06-28,NA,"Patients","Spotify","Spotify",492.75,317903,158154,334,NA
2020-06-29,NA,"Patients","Spotify","Spotify",69.75,38536,158481,312,NA
2020-05-28,"US","HCPs","Tiktok","tiktok",0,1,2,0,NA
2020-06-15,"US","HCPs","Tiktok","tiktok",96.18,0,0,0,NA
2020-06-16,"US","HCPs","Tiktok","tiktok",100.8,48443,443,19,NA
2020-06-17,"US","HCPs","Tiktok","tiktok",173.86,34761,368,27,NA
2020-06-18,"US","HCPs","Tiktok","tiktok",73.2,85160,869,45,NA
2020-06-19,"US","HCPs","Tiktok","tiktok",114.73,32723,334,41,NA
2020-06-20,"US","HCPs","Tiktok","tiktok",130.98,63279,665,26,NA
2020-06-21,"US","HCPs","Tiktok","tiktok",180.23,48871,554,35,NA
2020-06-22,"US","HCPs","Tiktok","tiktok",102.56,93713,1161,55,NA
2020-06-23,"US","HCPs","Tiktok","tiktok",49.22,49004,564,37,NA
2020-06-24,"US","HCPs","Tiktok","tiktok",31.52,24817,274,26,NA
2020-06-25,"US","HCPs","Tiktok","tiktok",0,9254,96,18,NA
2020-06-26,"US","HCPs","Tiktok","tiktok",0,4,0,4,NA
2020-06-27,"US","HCPs","Tiktok","tiktok",0,2,0,3,NA
2020-06-28,"US","HCPs","Tiktok","tiktok",0,4,0,3,NA
2020-06-29,"US","HCPs","Tiktok","tiktok",0,1,0,0,NA
2020-05-28,"US","Patients","Tiktok","tiktok",0,1,0,0,NA
2020-06-11,"US","Patients","Tiktok","tiktok",39.09,0,0,0,NA
2020-06-12,"US","Patients","Tiktok","tiktok",81.19,23395,208,12,NA
2020-06-13,"US","Patients","Tiktok","tiktok",23.29,15696,160,10,NA
2020-06-14,"US","Patients","Tiktok","tiktok",48.32,8223,78,12,NA
2020-06-15,"US","Patients","Tiktok","tiktok",41.52,14048,128,15,NA
2020-06-15,"US","Patients","Tiktok","tiktok",45.93,0,0,0,NA
2020-06-16,"US","Patients","Tiktok","tiktok",7.43,9485,103,15,NA
2020-06-16,"US","Patients","Tiktok","tiktok",211.39,36063,281,14,NA
2020-06-17,"US","Patients","Tiktok","tiktok",0.86,5097,37,3,NA
2020-06-17,"US","Patients","Tiktok","tiktok",179.15,69221,610,57,NA
2020-06-18,"US","Patients","Tiktok","tiktok",1.6,435,4,1,NA
2020-06-18,"US","Patients","Tiktok","tiktok",19.5,72068,576,47,NA
2020-06-19,"US","Patients","Tiktok","tiktok",NA,531,5,1,NA
2020-06-19,"US","Patients","Tiktok","tiktok",52.39,7498,71,12,NA
2020-06-20,"US","Patients","Tiktok","tiktok",1.31,551,5,0,NA
2020-06-20,"US","Patients","Tiktok","tiktok",45.56,27327,219,15,NA
2020-06-21,"US","Patients","Tiktok","tiktok",11.57,870,2,0,NA
2020-06-21,"US","Patients","Tiktok","tiktok",65.76,20400,164,19,NA
2020-06-22,"US","Patients","Tiktok","tiktok",0.21,6425,42,3,NA
2020-06-22,"US","Patients","Tiktok","tiktok",36.88,40511,299,17,NA
2020-06-23,"US","Patients","Tiktok","tiktok",0,61,0,0,NA
2020-06-23,"US","Patients","Tiktok","tiktok",13.81,20620,158,17,NA
2020-06-24,"US","Patients","Tiktok","tiktok",19.06,7548,63,4,NA
2020-06-25,"US","Patients","Tiktok","tiktok",0,7133,63,7,NA
2020-06-26,"US","Patients","Tiktok","tiktok",0,3,0,2,NA
2020-06-11,"US","HCPs","Twitter","twitter",39.22,12895,744,1,NA
2020-06-12,"US","HCPs","Twitter","twitter",29.59,729,58,27,NA
2020-06-13,"US","HCPs","Twitter","twitter",25.1,4634,160,8,NA
2020-06-14,"US","HCPs","Twitter","twitter",50.06,5876,213,8,NA
2020-06-15,"US","HCPs","Twitter","twitter",0,0,0,4,NA
2020-06-16,"US","HCPs","Twitter","twitter",23.29,30616,1710,5,NA
2020-06-17,"US","HCPs","Twitter","twitter",35.55,12326,821,62,NA
2020-06-18,"US","HCPs","Twitter","twitter",73.37,8343,522,26,NA
2020-06-19,"US","HCPs","Twitter","twitter",3.61,1888,114,14,NA
2020-06-20,"US","HCPs","Twitter","twitter",18.55,13931,918,19,NA
2020-06-21,"US","HCPs","Twitter","twitter",2.59,9621,555,24,NA
2020-06-22,"US","HCPs","Twitter","twitter",6.62,8557,529,15,NA
2020-06-23,"US","HCPs","Twitter","twitter",6.21,6757,488,16,NA
2020-06-24,"US","HCPs","Twitter","twitter",6.6508,4479,327,20,NA
2020-06-25,"US","HCPs","Twitter","twitter",4.8838,3674,219,19,NA
2020-06-26,"US","HCPs","Twitter","twitter",8.3691,3131,192,7,NA
2020-06-27,"US","HCPs","Twitter","twitter",110.6218,27871,2142,17,NA
2020-06-28,"US","HCPs","Twitter","twitter",136.3041,11644,1011,85,NA
2020-06-29,"US","HCPs","Twitter","twitter",13.5233,368,39,35,NA
2020-06-11,"US","Patients","Twitter","twitter",46.37,15290,1126,3,NA
2020-06-12,"US","Patients","Twitter","twitter",24.25,2205,213,32,NA
2020-06-13,"US","Patients","Twitter","twitter",22.69,12098,644,10,NA
2020-06-14,"US","Patients","Twitter","twitter",24.1,10656,268,7,NA
2020-06-15,"US","Patients","Twitter","twitter",4.38,0,0,5,NA
2020-06-16,"US","Patients","Twitter","twitter",29.64,32373,2451,10,NA
2020-06-17,"US","Patients","Twitter","twitter",22.38,11625,1466,93,NA
2020-06-18,"US","Patients","Twitter","twitter",7.07,5279,677,32,NA
2020-06-19,"US","Patients","Twitter","twitter",1.5,2525,207,9,NA
2020-06-20,"US","Patients","Twitter","twitter",21.88,12922,1494,12,NA
2020-06-21,"US","Patients","Twitter","twitter",3.22,8826,958,19,NA
2020-06-22,"US","Patients","Twitter","twitter",1.96,7461,952,15,NA
2020-06-23,"US","Patients","Twitter","twitter",9.68,10627,1162,30,NA
2020-06-24,"US","Patients","Twitter","twitter",2,8621,1113,60,NA
2020-06-25,"US","Patients","Twitter","twitter",2.6622,7264,1133,51,NA
2020-06-26,"US","Patients","Twitter","twitter",18.2818,7010,1125,49,NA
2020-06-27,"US","Patients","Twitter","twitter",175.3186,16926,2954,60,NA
2020-06-28,"US","Patients","Twitter","twitter",125.351,8937,1375,92,NA
2020-06-29,"US","Patients","Twitter","twitter",6,247,37,38,NA
2020-06-18,"US","HCPs","youtube","youtube",0,0,1,1,NA
2020-06-18,"US","HCPs","youtube","youtube",0,0,1,0,NA
2020-06-21,"US","HCPs","youtube","youtube",6,3704,18,5,NA
2020-06-22,"US","HCPs","youtube","youtube",13,5856,25,11,NA
2020-06-23,"US","HCPs","youtube","youtube",13,5936,72,14,NA
2020-06-24,"US","HCPs","youtube","youtube",10,4739,21,9,NA
2020-06-25,"US","HCPs","youtube","youtube",13.5,6853,75,14,NA
2020-06-26,"US","HCPs","youtube","youtube",29,12664,2,0,NA
2020-06-26,"US","HCPs","youtube","youtube",29,13364,209,21,NA
2020-06-27,"US","HCPs","youtube","youtube",26,15951,4,0,NA
2020-06-27,"US","HCPs","youtube","youtube",26,13904,158,28,NA
2020-06-28,"US","HCPs","youtube","youtube",6.5,3351,11,1,NA
2020-06-28,"US","HCPs","youtube","youtube",6.5,3009,92,12,NA
2020-06-29,"US","HCPs","youtube","youtube",1.5,1056,6,0,NA
2020-06-29,"US","HCPs","youtube","youtube",1.5,949,67,1,NA
2020-06-18,"US","Patients","youtube","youtube",0,0,4,1,NA
2020-06-18,"US","Patients","youtube","youtube",0,0,3,0,NA
2020-06-19,"US","Patients","youtube","youtube",0,0,1,0,NA
2020-06-20,"US","Patients","youtube","youtube",0.5,269,2,0,NA
2020-06-21,"US","Patients","youtube","youtube",96.5,50524,1,1,NA
2020-06-21,"US","Patients","youtube","youtube",0,0,166,36,NA
2020-06-22,"US","Patients","youtube","youtube",29,14721,1,0,NA
2020-06-22,"US","Patients","youtube","youtube",0,0,114,29,NA
2020-06-23,"US","Patients","youtube","youtube",162.5,69444,3,0,NA
2020-06-23,"US","Patients","youtube","youtube",0,0,440,91,NA
2020-06-24,"US","Patients","youtube","youtube",0,0,136,32,NA
2020-06-25,"US","Patients","youtube","youtube",82,44086,2,0,NA
2020-06-25,"US","Patients","youtube","youtube",0,0,278,42,NA
2020-06-26,"US","Patients","youtube","youtube",0,0,566,69,NA
2020-06-27,"US","Patients","youtube","youtube",72,39130,13,0,NA
2020-06-27,"US","Patients","youtube","youtube",0,0,398,53,NA
2020-06-28,"US","Patients","youtube","youtube",36.5,22671,7,0,NA
2020-06-28,"US","Patients","youtube","youtube",0,0,232,21,NA
2020-06-29,"US","Patients","youtube","youtube",36.5,19837,8,0,NA
2020-06-29,"US","Patients","youtube","youtube",0,0,246,26,NA
