day,Target,Channel,Audience,kpi,value
21-May-20,HCPs,Facebook,wide,Cost,0.54
21-May-20,HCPs,Facebook,wide,Impressions,75
21-May-20,HCPs,Facebook,wide,Clicks,2
21-May-20,HCPs,Facebook,wide,Conversions,0
21-May-20,HCPs,Facebook,wide,Revenue,NA
21-May-20,HCPs,Facebook,wide,Cost,0
21-May-20,HCPs,Facebook,wide,Impressions,0
21-May-20,HCPs,Facebook,wide,Clicks,0
21-May-20,HCPs,Facebook,wide,Conversions,1
21-May-20,HCPs,Facebook,wide,Revenue,NA
22-May-20,HCPs,Facebook,wide,Cost,11.24
22-May-20,HCPs,Facebook,wide,Impressions,1060
22-May-20,HCPs,Facebook,wide,Clicks,15
22-May-20,HCPs,Facebook,wide,Conversions,1
22-May-20,HCPs,Facebook,wide,Revenue,NA
23-May-20,HCPs,Facebook,wide,Cost,11.34
23-May-20,HCPs,Facebook,wide,Impressions,1100
23-May-20,HCPs,Facebook,wide,Clicks,11
23-May-20,HCPs,Facebook,wide,Conversions,5
23-May-20,HCPs,Facebook,wide,Revenue,NA
24-May-20,HCPs,Facebook,wide,Cost,0.96
24-May-20,HCPs,Facebook,wide,Impressions,100
24-May-20,HCPs,Facebook,wide,Clicks,1
24-May-20,HCPs,Facebook,wide,Conversions,0
24-May-20,HCPs,Facebook,wide,Revenue,NA
29-May-20,HCPs,Facebook,wide,Cost,58.09
29-May-20,HCPs,Facebook,wide,Impressions,8618
29-May-20,HCPs,Facebook,wide,Clicks,118
29-May-20,HCPs,Facebook,wide,Conversions,0
29-May-20,HCPs,Facebook,wide,Revenue,NA
29-May-20,HCPs,Facebook,wide,Cost,0
29-May-20,HCPs,Facebook,wide,Impressions,0
29-May-20,HCPs,Facebook,wide,Clicks,0
29-May-20,HCPs,Facebook,wide,Conversions,41
29-May-20,HCPs,Facebook,wide,Revenue,NA
30-May-20,HCPs,Facebook,wide,Cost,202.85
30-May-20,HCPs,Facebook,wide,Impressions,15159
30-May-20,HCPs,Facebook,wide,Clicks,284
30-May-20,HCPs,Facebook,wide,Conversions,0
30-May-20,HCPs,Facebook,wide,Revenue,NA
30-May-20,HCPs,Facebook,wide,Cost,0
30-May-20,HCPs,Facebook,wide,Impressions,0
30-May-20,HCPs,Facebook,wide,Clicks,0
30-May-20,HCPs,Facebook,wide,Conversions,78
30-May-20,HCPs,Facebook,wide,Revenue,NA
31-May-20,HCPs,Facebook,wide,Cost,274.05
31-May-20,HCPs,Facebook,wide,Impressions,26779
31-May-20,HCPs,Facebook,wide,Clicks,478
31-May-20,HCPs,Facebook,wide,Conversions,0
31-May-20,HCPs,Facebook,wide,Revenue,NA
31-May-20,HCPs,Facebook,wide,Cost,0
31-May-20,HCPs,Facebook,wide,Impressions,0
31-May-20,HCPs,Facebook,wide,Clicks,0
31-May-20,HCPs,Facebook,wide,Conversions,149
31-May-20,HCPs,Facebook,wide,Revenue,NA
1-Jun-20,HCPs,Facebook,wide,Cost,212.88
1-Jun-20,HCPs,Facebook,wide,Impressions,20467
1-Jun-20,HCPs,Facebook,wide,Clicks,449
1-Jun-20,HCPs,Facebook,wide,Conversions,0
1-Jun-20,HCPs,Facebook,wide,Revenue,NA
1-Jun-20,HCPs,Facebook,wide,Cost,0
1-Jun-20,HCPs,Facebook,wide,Impressions,0
1-Jun-20,HCPs,Facebook,wide,Clicks,0
1-Jun-20,HCPs,Facebook,wide,Conversions,144
1-Jun-20,HCPs,Facebook,wide,Revenue,NA
2-Jun-20,HCPs,Facebook,wide,Cost,67.92
2-Jun-20,HCPs,Facebook,wide,Impressions,13459
2-Jun-20,HCPs,Facebook,wide,Clicks,175
2-Jun-20,HCPs,Facebook,wide,Conversions,0
2-Jun-20,HCPs,Facebook,wide,Revenue,NA
2-Jun-20,HCPs,Facebook,wide,Cost,0
2-Jun-20,HCPs,Facebook,wide,Impressions,0
2-Jun-20,HCPs,Facebook,wide,Clicks,0
2-Jun-20,HCPs,Facebook,wide,Conversions,54
2-Jun-20,HCPs,Facebook,wide,Revenue,NA
3-Jun-20,HCPs,Facebook,wide,Cost,1214.79
3-Jun-20,HCPs,Facebook,wide,Impressions,148907
3-Jun-20,HCPs,Facebook,wide,Clicks,2258
3-Jun-20,HCPs,Facebook,wide,Conversions,0
3-Jun-20,HCPs,Facebook,wide,Revenue,NA
3-Jun-20,HCPs,Facebook,wide,Cost,0
3-Jun-20,HCPs,Facebook,wide,Impressions,0
3-Jun-20,HCPs,Facebook,wide,Clicks,0
3-Jun-20,HCPs,Facebook,wide,Conversions,536
3-Jun-20,HCPs,Facebook,wide,Revenue,NA
4-Jun-20,HCPs,Facebook,wide,Cost,1678.74
4-Jun-20,HCPs,Facebook,wide,Impressions,170643
4-Jun-20,HCPs,Facebook,wide,Clicks,2623
4-Jun-20,HCPs,Facebook,wide,Conversions,0
4-Jun-20,HCPs,Facebook,wide,Revenue,NA
4-Jun-20,HCPs,Facebook,wide,Cost,0
4-Jun-20,HCPs,Facebook,wide,Impressions,0
4-Jun-20,HCPs,Facebook,wide,Clicks,0
4-Jun-20,HCPs,Facebook,wide,Conversions,684
4-Jun-20,HCPs,Facebook,wide,Revenue,NA
5-Jun-20,HCPs,Facebook,wide,Cost,0
5-Jun-20,HCPs,Facebook,wide,Impressions,0
5-Jun-20,HCPs,Facebook,wide,Clicks,0
5-Jun-20,HCPs,Facebook,wide,Conversions,581
5-Jun-20,HCPs,Facebook,wide,Revenue,NA
5-Jun-20,HCPs,Facebook,wide,Cost,1587.95
5-Jun-20,HCPs,Facebook,wide,Impressions,151096
5-Jun-20,HCPs,Facebook,wide,Clicks,2336
5-Jun-20,HCPs,Facebook,wide,Conversions,0
5-Jun-20,HCPs,Facebook,wide,Revenue,NA
5-Jun-20,HCPs,Facebook,wide,Cost,0
5-Jun-20,HCPs,Facebook,wide,Impressions,0
5-Jun-20,HCPs,Facebook,wide,Clicks,0
5-Jun-20,HCPs,Facebook,wide,Conversions,121
5-Jun-20,HCPs,Facebook,wide,Revenue,NA
6-Jun-20,HCPs,Facebook,wide,Cost,0
6-Jun-20,HCPs,Facebook,wide,Impressions,0
6-Jun-20,HCPs,Facebook,wide,Clicks,0
6-Jun-20,HCPs,Facebook,wide,Conversions,587
6-Jun-20,HCPs,Facebook,wide,Revenue,NA
6-Jun-20,HCPs,Facebook,wide,Cost,1519.33
6-Jun-20,HCPs,Facebook,wide,Impressions,130177
6-Jun-20,HCPs,Facebook,wide,Clicks,1960
6-Jun-20,HCPs,Facebook,wide,Conversions,0
6-Jun-20,HCPs,Facebook,wide,Revenue,NA
7-Jun-20,HCPs,Facebook,wide,Cost,0
7-Jun-20,HCPs,Facebook,wide,Impressions,0
7-Jun-20,HCPs,Facebook,wide,Clicks,0
7-Jun-20,HCPs,Facebook,wide,Conversions,651
7-Jun-20,HCPs,Facebook,wide,Revenue,NA
7-Jun-20,HCPs,Facebook,wide,Cost,1473.4
7-Jun-20,HCPs,Facebook,wide,Impressions,147574
7-Jun-20,HCPs,Facebook,wide,Clicks,2287
7-Jun-20,HCPs,Facebook,wide,Conversions,0
7-Jun-20,HCPs,Facebook,wide,Revenue,NA
8-Jun-20,HCPs,Facebook,wide,Cost,0
8-Jun-20,HCPs,Facebook,wide,Impressions,0
8-Jun-20,HCPs,Facebook,wide,Clicks,0
8-Jun-20,HCPs,Facebook,wide,Conversions,601
8-Jun-20,HCPs,Facebook,wide,Revenue,NA
8-Jun-20,HCPs,Facebook,wide,Cost,1301.28
8-Jun-20,HCPs,Facebook,wide,Impressions,127192
8-Jun-20,HCPs,Facebook,wide,Clicks,1811
8-Jun-20,HCPs,Facebook,wide,Conversions,0
8-Jun-20,HCPs,Facebook,wide,Revenue,NA
9-Jun-20,HCPs,Facebook,wide,Cost,0
9-Jun-20,HCPs,Facebook,wide,Impressions,0
9-Jun-20,HCPs,Facebook,wide,Clicks,0
9-Jun-20,HCPs,Facebook,wide,Conversions,106
9-Jun-20,HCPs,Facebook,wide,Revenue,NA
9-Jun-20,HCPs,Facebook,wide,Cost,2289.4
9-Jun-20,HCPs,Facebook,wide,Impressions,221324
9-Jun-20,HCPs,Facebook,wide,Clicks,3088
9-Jun-20,HCPs,Facebook,wide,Conversions,784
9-Jun-20,HCPs,Facebook,wide,Revenue,NA
10-Jun-20,HCPs,Facebook,wide,Cost,2296.58
10-Jun-20,HCPs,Facebook,wide,Impressions,205738
10-Jun-20,HCPs,Facebook,wide,Clicks,2960
10-Jun-20,HCPs,Facebook,wide,Conversions,877
10-Jun-20,HCPs,Facebook,wide,Revenue,NA
11-Jun-20,HCPs,Facebook,wide,Cost,2346.25
11-Jun-20,HCPs,Facebook,wide,Impressions,211291
11-Jun-20,HCPs,Facebook,wide,Clicks,2902
11-Jun-20,HCPs,Facebook,wide,Conversions,819
11-Jun-20,HCPs,Facebook,wide,Revenue,NA
12-Jun-20,HCPs,Facebook,10%lal,Cost,131.87
12-Jun-20,HCPs,Facebook,10%lal,Impressions,12002
12-Jun-20,HCPs,Facebook,10%lal,Clicks,247
12-Jun-20,HCPs,Facebook,10%lal,Conversions,17
12-Jun-20,HCPs,Facebook,10%lal,Revenue,NA
12-Jun-20,HCPs,Facebook,2%lal,Cost,130.77
12-Jun-20,HCPs,Facebook,2%lal,Impressions,12216
12-Jun-20,HCPs,Facebook,2%lal,Clicks,234
12-Jun-20,HCPs,Facebook,2%lal,Conversions,31
12-Jun-20,HCPs,Facebook,2%lal,Revenue,NA
12-Jun-20,HCPs,Facebook,5%lal,Cost,132.05
12-Jun-20,HCPs,Facebook,5%lal,Impressions,14355
12-Jun-20,HCPs,Facebook,5%lal,Clicks,212
12-Jun-20,HCPs,Facebook,5%lal,Conversions,17
12-Jun-20,HCPs,Facebook,5%lal,Revenue,NA
12-Jun-20,HCPs,Facebook,dense_metro,Cost,116.65
12-Jun-20,HCPs,Facebook,dense_metro,Impressions,9872
12-Jun-20,HCPs,Facebook,dense_metro,Clicks,246
12-Jun-20,HCPs,Facebook,dense_metro,Conversions,24
12-Jun-20,HCPs,Facebook,dense_metro,Revenue,NA
12-Jun-20,HCPs,Facebook,in-market,Cost,131.23
12-Jun-20,HCPs,Facebook,in-market,Impressions,9872
12-Jun-20,HCPs,Facebook,in-market,Clicks,306
12-Jun-20,HCPs,Facebook,in-market,Conversions,25
12-Jun-20,HCPs,Facebook,in-market,Revenue,NA
12-Jun-20,HCPs,Facebook,remarketing,Cost,130.58
12-Jun-20,HCPs,Facebook,remarketing,Impressions,11717
12-Jun-20,HCPs,Facebook,remarketing,Clicks,200
12-Jun-20,HCPs,Facebook,remarketing,Conversions,11
12-Jun-20,HCPs,Facebook,remarketing,Revenue,NA
12-Jun-20,HCPs,Facebook,wide,Cost,2117.6
12-Jun-20,HCPs,Facebook,wide,Impressions,167863
12-Jun-20,HCPs,Facebook,wide,Clicks,5003
12-Jun-20,HCPs,Facebook,wide,Conversions,747
12-Jun-20,HCPs,Facebook,wide,Revenue,NA
13-Jun-20,HCPs,Facebook,wide,Cost,39.15
13-Jun-20,HCPs,Facebook,wide,Impressions,2992
13-Jun-20,HCPs,Facebook,wide,Clicks,14
13-Jun-20,HCPs,Facebook,wide,Conversions,4
13-Jun-20,HCPs,Facebook,wide,Revenue,NA
13-Jun-20,HCPs,Facebook,10%lal,Cost,211.08
13-Jun-20,HCPs,Facebook,10%lal,Impressions,16689
13-Jun-20,HCPs,Facebook,10%lal,Clicks,247
13-Jun-20,HCPs,Facebook,10%lal,Conversions,49
13-Jun-20,HCPs,Facebook,10%lal,Revenue,NA
13-Jun-20,HCPs,Facebook,2%lal,Cost,211.16
13-Jun-20,HCPs,Facebook,2%lal,Impressions,18894
13-Jun-20,HCPs,Facebook,2%lal,Clicks,255
13-Jun-20,HCPs,Facebook,2%lal,Conversions,46
13-Jun-20,HCPs,Facebook,2%lal,Revenue,NA
13-Jun-20,HCPs,Facebook,5%lal,Cost,211.29
13-Jun-20,HCPs,Facebook,5%lal,Impressions,21780
13-Jun-20,HCPs,Facebook,5%lal,Clicks,224
13-Jun-20,HCPs,Facebook,5%lal,Conversions,50
13-Jun-20,HCPs,Facebook,5%lal,Revenue,NA
13-Jun-20,HCPs,Facebook,dense_metro,Cost,200.61
13-Jun-20,HCPs,Facebook,dense_metro,Impressions,16255
13-Jun-20,HCPs,Facebook,dense_metro,Clicks,257
13-Jun-20,HCPs,Facebook,dense_metro,Conversions,47
13-Jun-20,HCPs,Facebook,dense_metro,Revenue,NA
13-Jun-20,HCPs,Facebook,in-market,Cost,210.8
13-Jun-20,HCPs,Facebook,in-market,Impressions,14290
13-Jun-20,HCPs,Facebook,in-market,Clicks,273
13-Jun-20,HCPs,Facebook,in-market,Conversions,53
13-Jun-20,HCPs,Facebook,in-market,Revenue,NA
13-Jun-20,HCPs,Facebook,remarketing,Cost,211.88
13-Jun-20,HCPs,Facebook,remarketing,Impressions,17535
13-Jun-20,HCPs,Facebook,remarketing,Clicks,249
13-Jun-20,HCPs,Facebook,remarketing,Conversions,51
13-Jun-20,HCPs,Facebook,remarketing,Revenue,NA
13-Jun-20,HCPs,Facebook,wide,Cost,1064.81
13-Jun-20,HCPs,Facebook,wide,Impressions,73824
13-Jun-20,HCPs,Facebook,wide,Clicks,1339
13-Jun-20,HCPs,Facebook,wide,Conversions,399
13-Jun-20,HCPs,Facebook,wide,Revenue,NA
14-Jun-20,HCPs,Facebook,wide,Cost,137.13
14-Jun-20,HCPs,Facebook,wide,Impressions,11575
14-Jun-20,HCPs,Facebook,wide,Clicks,125
14-Jun-20,HCPs,Facebook,wide,Conversions,24
14-Jun-20,HCPs,Facebook,wide,Revenue,NA
14-Jun-20,HCPs,Facebook,10%lal,Cost,184.7
14-Jun-20,HCPs,Facebook,10%lal,Impressions,14369
14-Jun-20,HCPs,Facebook,10%lal,Clicks,215
14-Jun-20,HCPs,Facebook,10%lal,Conversions,67
14-Jun-20,HCPs,Facebook,10%lal,Revenue,NA
14-Jun-20,HCPs,Facebook,2%lal,Cost,185.49
14-Jun-20,HCPs,Facebook,2%lal,Impressions,16672
14-Jun-20,HCPs,Facebook,2%lal,Clicks,216
14-Jun-20,HCPs,Facebook,2%lal,Conversions,61
14-Jun-20,HCPs,Facebook,2%lal,Revenue,NA
14-Jun-20,HCPs,Facebook,5%lal,Cost,186.16
14-Jun-20,HCPs,Facebook,5%lal,Impressions,19677
14-Jun-20,HCPs,Facebook,5%lal,Clicks,174
14-Jun-20,HCPs,Facebook,5%lal,Conversions,60
14-Jun-20,HCPs,Facebook,5%lal,Revenue,NA
14-Jun-20,HCPs,Facebook,dense_metro,Cost,176.41
14-Jun-20,HCPs,Facebook,dense_metro,Impressions,14649
14-Jun-20,HCPs,Facebook,dense_metro,Clicks,201
14-Jun-20,HCPs,Facebook,dense_metro,Conversions,55
14-Jun-20,HCPs,Facebook,dense_metro,Revenue,NA
14-Jun-20,HCPs,Facebook,in-market,Cost,185.73
14-Jun-20,HCPs,Facebook,in-market,Impressions,12494
14-Jun-20,HCPs,Facebook,in-market,Clicks,223
14-Jun-20,HCPs,Facebook,in-market,Conversions,59
14-Jun-20,HCPs,Facebook,in-market,Revenue,NA
14-Jun-20,HCPs,Facebook,remarketing,Cost,186.06
14-Jun-20,HCPs,Facebook,remarketing,Impressions,16510
14-Jun-20,HCPs,Facebook,remarketing,Clicks,215
14-Jun-20,HCPs,Facebook,remarketing,Conversions,65
14-Jun-20,HCPs,Facebook,remarketing,Revenue,NA
14-Jun-20,HCPs,Facebook,wide,Cost,787.86
14-Jun-20,HCPs,Facebook,wide,Impressions,57051
14-Jun-20,HCPs,Facebook,wide,Clicks,885
14-Jun-20,HCPs,Facebook,wide,Conversions,295
14-Jun-20,HCPs,Facebook,wide,Revenue,NA
15-Jun-20,HCPs,Facebook,wide,Cost,105.99
15-Jun-20,HCPs,Facebook,wide,Impressions,7094
15-Jun-20,HCPs,Facebook,wide,Clicks,104
15-Jun-20,HCPs,Facebook,wide,Conversions,29
15-Jun-20,HCPs,Facebook,wide,Revenue,NA
15-Jun-20,HCPs,Facebook,10%lal,Cost,150.4
15-Jun-20,HCPs,Facebook,10%lal,Impressions,11348
15-Jun-20,HCPs,Facebook,10%lal,Clicks,156
15-Jun-20,HCPs,Facebook,10%lal,Conversions,58
15-Jun-20,HCPs,Facebook,10%lal,Revenue,NA
15-Jun-20,HCPs,Facebook,2%lal,Cost,150.35
15-Jun-20,HCPs,Facebook,2%lal,Impressions,12279
15-Jun-20,HCPs,Facebook,2%lal,Clicks,186
15-Jun-20,HCPs,Facebook,2%lal,Conversions,58
15-Jun-20,HCPs,Facebook,2%lal,Revenue,NA
15-Jun-20,HCPs,Facebook,5%lal,Cost,138.78
15-Jun-20,HCPs,Facebook,5%lal,Impressions,13968
15-Jun-20,HCPs,Facebook,5%lal,Clicks,148
15-Jun-20,HCPs,Facebook,5%lal,Conversions,43
15-Jun-20,HCPs,Facebook,5%lal,Revenue,NA
15-Jun-20,HCPs,Facebook,dense_metro,Cost,149.26
15-Jun-20,HCPs,Facebook,dense_metro,Impressions,12525
15-Jun-20,HCPs,Facebook,dense_metro,Clicks,178
15-Jun-20,HCPs,Facebook,dense_metro,Conversions,56
15-Jun-20,HCPs,Facebook,dense_metro,Revenue,NA
15-Jun-20,HCPs,Facebook,in-market,Cost,148.83
15-Jun-20,HCPs,Facebook,in-market,Impressions,9633
15-Jun-20,HCPs,Facebook,in-market,Clicks,186
15-Jun-20,HCPs,Facebook,in-market,Conversions,53
15-Jun-20,HCPs,Facebook,in-market,Revenue,NA
15-Jun-20,HCPs,Facebook,remarketing,Cost,138.94
15-Jun-20,HCPs,Facebook,remarketing,Impressions,12214
15-Jun-20,HCPs,Facebook,remarketing,Clicks,175
15-Jun-20,HCPs,Facebook,remarketing,Conversions,53
15-Jun-20,HCPs,Facebook,remarketing,Revenue,NA
15-Jun-20,HCPs,Facebook,wide,Cost,810.08
15-Jun-20,HCPs,Facebook,wide,Impressions,55660
15-Jun-20,HCPs,Facebook,wide,Clicks,959
15-Jun-20,HCPs,Facebook,wide,Conversions,317
15-Jun-20,HCPs,Facebook,wide,Revenue,NA
16-Jun-20,HCPs,Facebook,wide,Cost,0
16-Jun-20,HCPs,Facebook,wide,Impressions,0
16-Jun-20,HCPs,Facebook,wide,Clicks,0
16-Jun-20,HCPs,Facebook,wide,Conversions,7
16-Jun-20,HCPs,Facebook,wide,Revenue,NA
16-Jun-20,HCPs,Facebook,10%lal,Cost,0
16-Jun-20,HCPs,Facebook,10%lal,Impressions,0
16-Jun-20,HCPs,Facebook,10%lal,Clicks,0
16-Jun-20,HCPs,Facebook,10%lal,Conversions,6
16-Jun-20,HCPs,Facebook,10%lal,Revenue,NA
16-Jun-20,HCPs,Facebook,2%lal,Cost,0
16-Jun-20,HCPs,Facebook,2%lal,Impressions,0
16-Jun-20,HCPs,Facebook,2%lal,Clicks,0
16-Jun-20,HCPs,Facebook,2%lal,Conversions,12
16-Jun-20,HCPs,Facebook,2%lal,Revenue,NA
16-Jun-20,HCPs,Facebook,5%lal,Cost,0
16-Jun-20,HCPs,Facebook,5%lal,Impressions,0
16-Jun-20,HCPs,Facebook,5%lal,Clicks,0
16-Jun-20,HCPs,Facebook,5%lal,Conversions,6
16-Jun-20,HCPs,Facebook,5%lal,Revenue,NA
16-Jun-20,HCPs,Facebook,dense_metro,Cost,17.27
16-Jun-20,HCPs,Facebook,dense_metro,Impressions,1325
16-Jun-20,HCPs,Facebook,dense_metro,Clicks,19
16-Jun-20,HCPs,Facebook,dense_metro,Conversions,9
16-Jun-20,HCPs,Facebook,dense_metro,Revenue,NA
16-Jun-20,HCPs,Facebook,in-market,Cost,23.1
16-Jun-20,HCPs,Facebook,in-market,Impressions,1730
16-Jun-20,HCPs,Facebook,in-market,Clicks,26
16-Jun-20,HCPs,Facebook,in-market,Conversions,8
16-Jun-20,HCPs,Facebook,in-market,Revenue,NA
16-Jun-20,HCPs,Facebook,remarketing,Cost,21.68
16-Jun-20,HCPs,Facebook,remarketing,Impressions,1807
16-Jun-20,HCPs,Facebook,remarketing,Clicks,23
16-Jun-20,HCPs,Facebook,remarketing,Conversions,13
16-Jun-20,HCPs,Facebook,remarketing,Revenue,NA
16-Jun-20,HCPs,Facebook,wide,Cost,315.49
16-Jun-20,HCPs,Facebook,wide,Impressions,22556
16-Jun-20,HCPs,Facebook,wide,Clicks,493
16-Jun-20,HCPs,Facebook,wide,Conversions,196
16-Jun-20,HCPs,Facebook,wide,Revenue,NA
17-Jun-20,HCPs,Facebook,10%lal-cr,Cost,13.19
17-Jun-20,HCPs,Facebook,10%lal-cr,Impressions,679
17-Jun-20,HCPs,Facebook,10%lal-cr,Clicks,11
17-Jun-20,HCPs,Facebook,10%lal-cr,Conversions,3
17-Jun-20,HCPs,Facebook,10%lal-cr,Revenue,NA
17-Jun-20,HCPs,Facebook,10%lal,Cost,0
17-Jun-20,HCPs,Facebook,10%lal,Impressions,0
17-Jun-20,HCPs,Facebook,10%lal,Clicks,0
17-Jun-20,HCPs,Facebook,10%lal,Conversions,1
17-Jun-20,HCPs,Facebook,10%lal,Revenue,NA
17-Jun-20,HCPs,Facebook,2%lal-cr,Cost,12.93
17-Jun-20,HCPs,Facebook,2%lal-cr,Impressions,734
17-Jun-20,HCPs,Facebook,2%lal-cr,Clicks,22
17-Jun-20,HCPs,Facebook,2%lal-cr,Conversions,6
17-Jun-20,HCPs,Facebook,2%lal-cr,Revenue,NA
17-Jun-20,HCPs,Facebook,2%lal,Cost,0
17-Jun-20,HCPs,Facebook,2%lal,Impressions,0
17-Jun-20,HCPs,Facebook,2%lal,Clicks,0
17-Jun-20,HCPs,Facebook,2%lal,Conversions,2
17-Jun-20,HCPs,Facebook,2%lal,Revenue,NA
17-Jun-20,HCPs,Facebook,5%lal-cr,Cost,13.16
17-Jun-20,HCPs,Facebook,5%lal-cr,Impressions,849
17-Jun-20,HCPs,Facebook,5%lal-cr,Clicks,13
17-Jun-20,HCPs,Facebook,5%lal-cr,Conversions,3
17-Jun-20,HCPs,Facebook,5%lal-cr,Revenue,NA
17-Jun-20,HCPs,Facebook,5%lal,Cost,0
17-Jun-20,HCPs,Facebook,5%lal,Impressions,0
17-Jun-20,HCPs,Facebook,5%lal,Clicks,0
17-Jun-20,HCPs,Facebook,5%lal,Conversions,1
17-Jun-20,HCPs,Facebook,5%lal,Revenue,NA
17-Jun-20,HCPs,Facebook,dense_metro,Cost,50.58
17-Jun-20,HCPs,Facebook,dense_metro,Impressions,3208
17-Jun-20,HCPs,Facebook,dense_metro,Clicks,86
17-Jun-20,HCPs,Facebook,dense_metro,Conversions,25
17-Jun-20,HCPs,Facebook,dense_metro,Revenue,NA
17-Jun-20,HCPs,Facebook,in-market,Cost,50.66
17-Jun-20,HCPs,Facebook,in-market,Impressions,2822
17-Jun-20,HCPs,Facebook,in-market,Clicks,64
17-Jun-20,HCPs,Facebook,in-market,Conversions,28
17-Jun-20,HCPs,Facebook,in-market,Revenue,NA
17-Jun-20,HCPs,Facebook,remarketing,Cost,50.34
17-Jun-20,HCPs,Facebook,remarketing,Impressions,3296
17-Jun-20,HCPs,Facebook,remarketing,Clicks,68
17-Jun-20,HCPs,Facebook,remarketing,Conversions,22
17-Jun-20,HCPs,Facebook,remarketing,Revenue,NA
17-Jun-20,HCPs,Facebook,wide,Cost,412.2
17-Jun-20,HCPs,Facebook,wide,Impressions,24173
17-Jun-20,HCPs,Facebook,wide,Clicks,632
17-Jun-20,HCPs,Facebook,wide,Conversions,208
17-Jun-20,HCPs,Facebook,wide,Revenue,NA
18-Jun-20,HCPs,Facebook,wide,Cost,0
18-Jun-20,HCPs,Facebook,wide,Impressions,0
18-Jun-20,HCPs,Facebook,wide,Clicks,0
18-Jun-20,HCPs,Facebook,wide,Conversions,1
18-Jun-20,HCPs,Facebook,wide,Revenue,NA
18-Jun-20,HCPs,Facebook,10%lal-cr,Cost,49.11
18-Jun-20,HCPs,Facebook,10%lal-cr,Impressions,2467
18-Jun-20,HCPs,Facebook,10%lal-cr,Clicks,62
18-Jun-20,HCPs,Facebook,10%lal-cr,Conversions,15
18-Jun-20,HCPs,Facebook,10%lal-cr,Revenue,NA
18-Jun-20,HCPs,Facebook,10%lal,Cost,0
18-Jun-20,HCPs,Facebook,10%lal,Impressions,0
18-Jun-20,HCPs,Facebook,10%lal,Clicks,0
18-Jun-20,HCPs,Facebook,10%lal,Conversions,1
18-Jun-20,HCPs,Facebook,10%lal,Revenue,NA
18-Jun-20,HCPs,Facebook,2%lal-cr,Cost,49.82
18-Jun-20,HCPs,Facebook,2%lal-cr,Impressions,2607
18-Jun-20,HCPs,Facebook,2%lal-cr,Clicks,52
18-Jun-20,HCPs,Facebook,2%lal-cr,Conversions,17
18-Jun-20,HCPs,Facebook,2%lal-cr,Revenue,NA
18-Jun-20,HCPs,Facebook,2%lal,Cost,0
18-Jun-20,HCPs,Facebook,2%lal,Impressions,0
18-Jun-20,HCPs,Facebook,2%lal,Clicks,0
18-Jun-20,HCPs,Facebook,2%lal,Conversions,2
18-Jun-20,HCPs,Facebook,2%lal,Revenue,NA
18-Jun-20,HCPs,Facebook,5%lal-cr,Cost,49.13
18-Jun-20,HCPs,Facebook,5%lal-cr,Impressions,2755
18-Jun-20,HCPs,Facebook,5%lal-cr,Clicks,70
18-Jun-20,HCPs,Facebook,5%lal-cr,Conversions,22
18-Jun-20,HCPs,Facebook,5%lal-cr,Revenue,NA
18-Jun-20,HCPs,Facebook,5%lal,Cost,0
18-Jun-20,HCPs,Facebook,5%lal,Impressions,0
18-Jun-20,HCPs,Facebook,5%lal,Clicks,0
18-Jun-20,HCPs,Facebook,5%lal,Conversions,1
18-Jun-20,HCPs,Facebook,5%lal,Revenue,NA
18-Jun-20,HCPs,Facebook,dense_metro,Cost,52.6
18-Jun-20,HCPs,Facebook,dense_metro,Impressions,3196
18-Jun-20,HCPs,Facebook,dense_metro,Clicks,84
18-Jun-20,HCPs,Facebook,dense_metro,Conversions,22
18-Jun-20,HCPs,Facebook,dense_metro,Revenue,NA
18-Jun-20,HCPs,Facebook,in-market,Cost,50.97
18-Jun-20,HCPs,Facebook,in-market,Impressions,2425
18-Jun-20,HCPs,Facebook,in-market,Clicks,50
18-Jun-20,HCPs,Facebook,in-market,Conversions,16
18-Jun-20,HCPs,Facebook,in-market,Revenue,NA
18-Jun-20,HCPs,Facebook,remarketing,Cost,50.95
18-Jun-20,HCPs,Facebook,remarketing,Impressions,2801
18-Jun-20,HCPs,Facebook,remarketing,Clicks,85
18-Jun-20,HCPs,Facebook,remarketing,Conversions,22
18-Jun-20,HCPs,Facebook,remarketing,Revenue,NA
18-Jun-20,HCPs,Facebook,wide,Cost,397.7
18-Jun-20,HCPs,Facebook,wide,Impressions,20058
18-Jun-20,HCPs,Facebook,wide,Clicks,488
18-Jun-20,HCPs,Facebook,wide,Conversions,173
18-Jun-20,HCPs,Facebook,wide,Revenue,NA
19-Jun-20,HCPs,Facebook,10%lal-cr,Cost,36.44
19-Jun-20,HCPs,Facebook,10%lal-cr,Impressions,1646
19-Jun-20,HCPs,Facebook,10%lal-cr,Clicks,51
19-Jun-20,HCPs,Facebook,10%lal-cr,Conversions,11
19-Jun-20,HCPs,Facebook,10%lal-cr,Revenue,NA
19-Jun-20,HCPs,Facebook,10%lal,Cost,0
19-Jun-20,HCPs,Facebook,10%lal,Impressions,0
19-Jun-20,HCPs,Facebook,10%lal,Clicks,0
19-Jun-20,HCPs,Facebook,10%lal,Conversions,1
19-Jun-20,HCPs,Facebook,10%lal,Revenue,NA
19-Jun-20,HCPs,Facebook,2%lal-cr,Cost,36.36
19-Jun-20,HCPs,Facebook,2%lal-cr,Impressions,1677
19-Jun-20,HCPs,Facebook,2%lal-cr,Clicks,45
19-Jun-20,HCPs,Facebook,2%lal-cr,Conversions,16
19-Jun-20,HCPs,Facebook,2%lal-cr,Revenue,NA
19-Jun-20,HCPs,Facebook,2%lal,Cost,0
19-Jun-20,HCPs,Facebook,2%lal,Impressions,0
19-Jun-20,HCPs,Facebook,2%lal,Clicks,0
19-Jun-20,HCPs,Facebook,2%lal,Conversions,3
19-Jun-20,HCPs,Facebook,2%lal,Revenue,NA
19-Jun-20,HCPs,Facebook,5%lal-cr,Cost,36.31
19-Jun-20,HCPs,Facebook,5%lal-cr,Impressions,1638
19-Jun-20,HCPs,Facebook,5%lal-cr,Clicks,45
19-Jun-20,HCPs,Facebook,5%lal-cr,Conversions,16
19-Jun-20,HCPs,Facebook,5%lal-cr,Revenue,NA
19-Jun-20,HCPs,Facebook,5%lal,Cost,0
19-Jun-20,HCPs,Facebook,5%lal,Impressions,0
19-Jun-20,HCPs,Facebook,5%lal,Clicks,0
19-Jun-20,HCPs,Facebook,5%lal,Conversions,3
19-Jun-20,HCPs,Facebook,5%lal,Revenue,NA
19-Jun-20,HCPs,Facebook,dense_metro,Cost,35.43
19-Jun-20,HCPs,Facebook,dense_metro,Impressions,2036
19-Jun-20,HCPs,Facebook,dense_metro,Clicks,54
19-Jun-20,HCPs,Facebook,dense_metro,Conversions,14
19-Jun-20,HCPs,Facebook,dense_metro,Revenue,NA
19-Jun-20,HCPs,Facebook,in-market,Cost,35.66
19-Jun-20,HCPs,Facebook,in-market,Impressions,1452
19-Jun-20,HCPs,Facebook,in-market,Clicks,44
19-Jun-20,HCPs,Facebook,in-market,Conversions,10
19-Jun-20,HCPs,Facebook,in-market,Revenue,NA
19-Jun-20,HCPs,Facebook,remarketing,Cost,36.09
19-Jun-20,HCPs,Facebook,remarketing,Impressions,1776
19-Jun-20,HCPs,Facebook,remarketing,Clicks,62
19-Jun-20,HCPs,Facebook,remarketing,Conversions,16
19-Jun-20,HCPs,Facebook,remarketing,Revenue,NA
19-Jun-20,HCPs,Facebook,wide,Cost,411.14
19-Jun-20,HCPs,Facebook,wide,Impressions,19165
19-Jun-20,HCPs,Facebook,wide,Clicks,552
19-Jun-20,HCPs,Facebook,wide,Conversions,178
19-Jun-20,HCPs,Facebook,wide,Revenue,NA
20-Jun-20,HCPs,Facebook,wide,Cost,0
20-Jun-20,HCPs,Facebook,wide,Impressions,0
20-Jun-20,HCPs,Facebook,wide,Clicks,0
20-Jun-20,HCPs,Facebook,wide,Conversions,1
20-Jun-20,HCPs,Facebook,wide,Revenue,NA
20-Jun-20,HCPs,Facebook,10%lal-cr,Cost,0
20-Jun-20,HCPs,Facebook,10%lal-cr,Impressions,0
20-Jun-20,HCPs,Facebook,10%lal-cr,Clicks,0
20-Jun-20,HCPs,Facebook,10%lal-cr,Conversions,1
20-Jun-20,HCPs,Facebook,10%lal-cr,Revenue,NA
20-Jun-20,HCPs,Facebook,10%lal,Cost,0
20-Jun-20,HCPs,Facebook,10%lal,Impressions,0
20-Jun-20,HCPs,Facebook,10%lal,Clicks,0
20-Jun-20,HCPs,Facebook,10%lal,Conversions,2
20-Jun-20,HCPs,Facebook,10%lal,Revenue,NA
20-Jun-20,HCPs,Facebook,2%lal-cr,Cost,0
20-Jun-20,HCPs,Facebook,2%lal-cr,Impressions,0
20-Jun-20,HCPs,Facebook,2%lal-cr,Clicks,0
20-Jun-20,HCPs,Facebook,2%lal-cr,Conversions,1
20-Jun-20,HCPs,Facebook,2%lal-cr,Revenue,NA
20-Jun-20,HCPs,Facebook,5%lal-cr,Cost,0
20-Jun-20,HCPs,Facebook,5%lal-cr,Impressions,0
20-Jun-20,HCPs,Facebook,5%lal-cr,Clicks,0
20-Jun-20,HCPs,Facebook,5%lal-cr,Conversions,2
20-Jun-20,HCPs,Facebook,5%lal-cr,Revenue,NA
20-Jun-20,HCPs,Facebook,5%lal,Cost,0
20-Jun-20,HCPs,Facebook,5%lal,Impressions,0
20-Jun-20,HCPs,Facebook,5%lal,Clicks,0
20-Jun-20,HCPs,Facebook,5%lal,Conversions,2
20-Jun-20,HCPs,Facebook,5%lal,Revenue,NA
20-Jun-20,HCPs,Facebook,dense_metro,Cost,0
20-Jun-20,HCPs,Facebook,dense_metro,Impressions,0
20-Jun-20,HCPs,Facebook,dense_metro,Clicks,0
20-Jun-20,HCPs,Facebook,dense_metro,Conversions,1
20-Jun-20,HCPs,Facebook,dense_metro,Revenue,NA
20-Jun-20,HCPs,Facebook,in-market,Cost,0
20-Jun-20,HCPs,Facebook,in-market,Impressions,0
20-Jun-20,HCPs,Facebook,in-market,Clicks,0
20-Jun-20,HCPs,Facebook,in-market,Conversions,5
20-Jun-20,HCPs,Facebook,in-market,Revenue,NA
20-Jun-20,HCPs,Facebook,remarketing,Cost,0
20-Jun-20,HCPs,Facebook,remarketing,Impressions,0
20-Jun-20,HCPs,Facebook,remarketing,Clicks,0
20-Jun-20,HCPs,Facebook,remarketing,Conversions,3
20-Jun-20,HCPs,Facebook,remarketing,Revenue,NA
20-Jun-20,HCPs,Facebook,wide,Cost,428.59
20-Jun-20,HCPs,Facebook,wide,Impressions,21532
20-Jun-20,HCPs,Facebook,wide,Clicks,655
20-Jun-20,HCPs,Facebook,wide,Conversions,199
20-Jun-20,HCPs,Facebook,wide,Revenue,NA
21-Jun-20,HCPs,Facebook,10%lal-cr,Cost,0
21-Jun-20,HCPs,Facebook,10%lal-cr,Impressions,0
21-Jun-20,HCPs,Facebook,10%lal-cr,Clicks,0
21-Jun-20,HCPs,Facebook,10%lal-cr,Conversions,1
21-Jun-20,HCPs,Facebook,10%lal-cr,Revenue,NA
21-Jun-20,HCPs,Facebook,10%lal,Cost,0
21-Jun-20,HCPs,Facebook,10%lal,Impressions,0
21-Jun-20,HCPs,Facebook,10%lal,Clicks,0
21-Jun-20,HCPs,Facebook,10%lal,Conversions,2
21-Jun-20,HCPs,Facebook,10%lal,Revenue,NA
21-Jun-20,HCPs,Facebook,2%lal-cr,Cost,0
21-Jun-20,HCPs,Facebook,2%lal-cr,Impressions,0
21-Jun-20,HCPs,Facebook,2%lal-cr,Clicks,0
21-Jun-20,HCPs,Facebook,2%lal-cr,Conversions,1
21-Jun-20,HCPs,Facebook,2%lal-cr,Revenue,NA
21-Jun-20,HCPs,Facebook,5%lal,Cost,0
21-Jun-20,HCPs,Facebook,5%lal,Impressions,0
21-Jun-20,HCPs,Facebook,5%lal,Clicks,0
21-Jun-20,HCPs,Facebook,5%lal,Conversions,3
21-Jun-20,HCPs,Facebook,5%lal,Revenue,NA
21-Jun-20,HCPs,Facebook,dense_metro,Cost,0
21-Jun-20,HCPs,Facebook,dense_metro,Impressions,0
21-Jun-20,HCPs,Facebook,dense_metro,Clicks,0
21-Jun-20,HCPs,Facebook,dense_metro,Conversions,1
21-Jun-20,HCPs,Facebook,dense_metro,Revenue,NA
21-Jun-20,HCPs,Facebook,in-market,Cost,0
21-Jun-20,HCPs,Facebook,in-market,Impressions,0
21-Jun-20,HCPs,Facebook,in-market,Clicks,0
21-Jun-20,HCPs,Facebook,in-market,Conversions,1
21-Jun-20,HCPs,Facebook,in-market,Revenue,NA
21-Jun-20,HCPs,Facebook,remarketing,Cost,0
21-Jun-20,HCPs,Facebook,remarketing,Impressions,0
21-Jun-20,HCPs,Facebook,remarketing,Clicks,0
21-Jun-20,HCPs,Facebook,remarketing,Conversions,1
21-Jun-20,HCPs,Facebook,remarketing,Revenue,NA
21-Jun-20,HCPs,Facebook,wide,Cost,371.1
21-Jun-20,HCPs,Facebook,wide,Impressions,18665
21-Jun-20,HCPs,Facebook,wide,Clicks,593
21-Jun-20,HCPs,Facebook,wide,Conversions,168
21-Jun-20,HCPs,Facebook,wide,Revenue,NA
22-Jun-20,HCPs,Facebook,10%lal-cr,Cost,0
22-Jun-20,HCPs,Facebook,10%lal-cr,Impressions,0
22-Jun-20,HCPs,Facebook,10%lal-cr,Clicks,0
22-Jun-20,HCPs,Facebook,10%lal-cr,Conversions,1
22-Jun-20,HCPs,Facebook,10%lal-cr,Revenue,NA
22-Jun-20,HCPs,Facebook,5%lal-cr,Cost,0
22-Jun-20,HCPs,Facebook,5%lal-cr,Impressions,0
22-Jun-20,HCPs,Facebook,5%lal-cr,Clicks,0
22-Jun-20,HCPs,Facebook,5%lal-cr,Conversions,2
22-Jun-20,HCPs,Facebook,5%lal-cr,Revenue,NA
22-Jun-20,HCPs,Facebook,dense_metro,Cost,0
22-Jun-20,HCPs,Facebook,dense_metro,Impressions,0
22-Jun-20,HCPs,Facebook,dense_metro,Clicks,0
22-Jun-20,HCPs,Facebook,dense_metro,Conversions,1
22-Jun-20,HCPs,Facebook,dense_metro,Revenue,NA
22-Jun-20,HCPs,Facebook,wide,Cost,278.9
22-Jun-20,HCPs,Facebook,wide,Impressions,15877
22-Jun-20,HCPs,Facebook,wide,Clicks,408
22-Jun-20,HCPs,Facebook,wide,Conversions,131
22-Jun-20,HCPs,Facebook,wide,Revenue,NA
23-Jun-20,HCPs,Facebook,2%lal-cr,Cost,20.55
23-Jun-20,HCPs,Facebook,2%lal-cr,Impressions,1046
23-Jun-20,HCPs,Facebook,2%lal-cr,Clicks,17
23-Jun-20,HCPs,Facebook,2%lal-cr,Conversions,4
23-Jun-20,HCPs,Facebook,2%lal-cr,Revenue,NA
23-Jun-20,HCPs,Facebook,in-market,Cost,0
23-Jun-20,HCPs,Facebook,in-market,Impressions,0
23-Jun-20,HCPs,Facebook,in-market,Clicks,0
23-Jun-20,HCPs,Facebook,in-market,Conversions,2
23-Jun-20,HCPs,Facebook,in-market,Revenue,NA
23-Jun-20,HCPs,Facebook,wide,Cost,72.6
23-Jun-20,HCPs,Facebook,wide,Impressions,4873
23-Jun-20,HCPs,Facebook,wide,Clicks,134
23-Jun-20,HCPs,Facebook,wide,Conversions,49
23-Jun-20,HCPs,Facebook,wide,Revenue,NA
24-Jun-20,HCPs,Facebook,2%lal-cr,Cost,27.35
24-Jun-20,HCPs,Facebook,2%lal-cr,Impressions,1270
24-Jun-20,HCPs,Facebook,2%lal-cr,Clicks,53
24-Jun-20,HCPs,Facebook,2%lal-cr,Conversions,16
24-Jun-20,HCPs,Facebook,2%lal-cr,Revenue,NA
24-Jun-20,HCPs,Facebook,in-market,Cost,0
24-Jun-20,HCPs,Facebook,in-market,Impressions,0
24-Jun-20,HCPs,Facebook,in-market,Clicks,0
24-Jun-20,HCPs,Facebook,in-market,Conversions,2
24-Jun-20,HCPs,Facebook,in-market,Revenue,NA
24-Jun-20,HCPs,Facebook,remarketing,Cost,0
24-Jun-20,HCPs,Facebook,remarketing,Impressions,0
24-Jun-20,HCPs,Facebook,remarketing,Clicks,0
24-Jun-20,HCPs,Facebook,remarketing,Conversions,1
24-Jun-20,HCPs,Facebook,remarketing,Revenue,NA
24-Jun-20,HCPs,Facebook,wide,Cost,251.01
24-Jun-20,HCPs,Facebook,wide,Impressions,15582
24-Jun-20,HCPs,Facebook,wide,Clicks,493
24-Jun-20,HCPs,Facebook,wide,Conversions,161
24-Jun-20,HCPs,Facebook,wide,Revenue,NA
25-Jun-20,HCPs,Facebook,10%lal-cr,Cost,0
25-Jun-20,HCPs,Facebook,10%lal-cr,Impressions,0
25-Jun-20,HCPs,Facebook,10%lal-cr,Clicks,0
25-Jun-20,HCPs,Facebook,10%lal-cr,Conversions,1
25-Jun-20,HCPs,Facebook,10%lal-cr,Revenue,NA
25-Jun-20,HCPs,Facebook,2%lal-cr,Cost,28.09
25-Jun-20,HCPs,Facebook,2%lal-cr,Impressions,1347
25-Jun-20,HCPs,Facebook,2%lal-cr,Clicks,23
25-Jun-20,HCPs,Facebook,2%lal-cr,Conversions,9
25-Jun-20,HCPs,Facebook,2%lal-cr,Revenue,NA
25-Jun-20,HCPs,Facebook,5%lal-cr,Cost,0
25-Jun-20,HCPs,Facebook,5%lal-cr,Impressions,0
25-Jun-20,HCPs,Facebook,5%lal-cr,Clicks,0
25-Jun-20,HCPs,Facebook,5%lal-cr,Conversions,1
25-Jun-20,HCPs,Facebook,5%lal-cr,Revenue,NA
25-Jun-20,HCPs,Facebook,wide,Cost,259.15
25-Jun-20,HCPs,Facebook,wide,Impressions,16463
25-Jun-20,HCPs,Facebook,wide,Clicks,497
25-Jun-20,HCPs,Facebook,wide,Conversions,179
25-Jun-20,HCPs,Facebook,wide,Revenue,NA
26-Jun-20,HCPs,Facebook,2%lal-cr,Cost,27.93
26-Jun-20,HCPs,Facebook,2%lal-cr,Impressions,1314
26-Jun-20,HCPs,Facebook,2%lal-cr,Clicks,50
26-Jun-20,HCPs,Facebook,2%lal-cr,Conversions,9
26-Jun-20,HCPs,Facebook,2%lal-cr,Revenue,NA
26-Jun-20,HCPs,Facebook,wide,Cost,263.31
26-Jun-20,HCPs,Facebook,wide,Impressions,16412
26-Jun-20,HCPs,Facebook,wide,Clicks,543
26-Jun-20,HCPs,Facebook,wide,Conversions,165
26-Jun-20,HCPs,Facebook,wide,Revenue,NA
27-Jun-20,HCPs,Facebook,2%lal-cr,Cost,27.85
27-Jun-20,HCPs,Facebook,2%lal-cr,Impressions,1209
27-Jun-20,HCPs,Facebook,2%lal-cr,Clicks,41
27-Jun-20,HCPs,Facebook,2%lal-cr,Conversions,15
27-Jun-20,HCPs,Facebook,2%lal-cr,Revenue,NA
27-Jun-20,HCPs,Facebook,wide,Cost,270.15
27-Jun-20,HCPs,Facebook,wide,Impressions,15772
27-Jun-20,HCPs,Facebook,wide,Clicks,456
27-Jun-20,HCPs,Facebook,wide,Conversions,130
27-Jun-20,HCPs,Facebook,wide,Revenue,NA
28-Jun-20,HCPs,Facebook,2%lal-cr,Cost,22.87
28-Jun-20,HCPs,Facebook,2%lal-cr,Impressions,1075
28-Jun-20,HCPs,Facebook,2%lal-cr,Clicks,39
28-Jun-20,HCPs,Facebook,2%lal-cr,Conversions,9
28-Jun-20,HCPs,Facebook,2%lal-cr,Revenue,NA
28-Jun-20,HCPs,Facebook,wide,Cost,230.51
28-Jun-20,HCPs,Facebook,wide,Impressions,13743
28-Jun-20,HCPs,Facebook,wide,Clicks,502
28-Jun-20,HCPs,Facebook,wide,Conversions,154
28-Jun-20,HCPs,Facebook,wide,Revenue,NA
29-Jun-20,HCPs,Facebook,2%lal-cr,Cost,17.61
29-Jun-20,HCPs,Facebook,2%lal-cr,Impressions,938
29-Jun-20,HCPs,Facebook,2%lal-cr,Clicks,33
29-Jun-20,HCPs,Facebook,2%lal-cr,Conversions,12
29-Jun-20,HCPs,Facebook,2%lal-cr,Revenue,NA
29-Jun-20,HCPs,Facebook,wide,Cost,175.66
29-Jun-20,HCPs,Facebook,wide,Impressions,11638
29-Jun-20,HCPs,Facebook,wide,Clicks,323
29-Jun-20,HCPs,Facebook,wide,Conversions,98
29-Jun-20,HCPs,Facebook,wide,Revenue,NA
21-May-20,Patients,Facebook,wide,Cost,0.32
21-May-20,Patients,Facebook,wide,Impressions,14
21-May-20,Patients,Facebook,wide,Clicks,0
21-May-20,Patients,Facebook,wide,Conversions,0
21-May-20,Patients,Facebook,wide,Revenue,NA
22-May-20,Patients,Facebook,wide,Cost,11.11
22-May-20,Patients,Facebook,wide,Impressions,687
22-May-20,Patients,Facebook,wide,Clicks,11
22-May-20,Patients,Facebook,wide,Conversions,1
22-May-20,Patients,Facebook,wide,Revenue,NA
23-May-20,Patients,Facebook,wide,Cost,11.51
23-May-20,Patients,Facebook,wide,Impressions,510
23-May-20,Patients,Facebook,wide,Clicks,11
23-May-20,Patients,Facebook,wide,Conversions,5
23-May-20,Patients,Facebook,wide,Revenue,NA
24-May-20,Patients,Facebook,wide,Cost,0.68
24-May-20,Patients,Facebook,wide,Impressions,40
24-May-20,Patients,Facebook,wide,Clicks,1
24-May-20,Patients,Facebook,wide,Conversions,1
24-May-20,Patients,Facebook,wide,Revenue,NA
29-May-20,Patients,Facebook,wide,Cost,57.19
29-May-20,Patients,Facebook,wide,Impressions,5834
29-May-20,Patients,Facebook,wide,Clicks,169
29-May-20,Patients,Facebook,wide,Conversions,0
29-May-20,Patients,Facebook,wide,Revenue,NA
29-May-20,Patients,Facebook,wide,Cost,0
29-May-20,Patients,Facebook,wide,Impressions,0
29-May-20,Patients,Facebook,wide,Clicks,0
29-May-20,Patients,Facebook,wide,Conversions,71
29-May-20,Patients,Facebook,wide,Revenue,NA
30-May-20,Patients,Facebook,wide,Cost,202.88
30-May-20,Patients,Facebook,wide,Impressions,10744
30-May-20,Patients,Facebook,wide,Clicks,494
30-May-20,Patients,Facebook,wide,Conversions,0
30-May-20,Patients,Facebook,wide,Revenue,NA
30-May-20,Patients,Facebook,wide,Cost,0
30-May-20,Patients,Facebook,wide,Impressions,0
30-May-20,Patients,Facebook,wide,Clicks,0
30-May-20,Patients,Facebook,wide,Conversions,184
30-May-20,Patients,Facebook,wide,Revenue,NA
31-May-20,Patients,Facebook,wide,Cost,273.32
31-May-20,Patients,Facebook,wide,Impressions,21998
31-May-20,Patients,Facebook,wide,Clicks,719
31-May-20,Patients,Facebook,wide,Conversions,0
31-May-20,Patients,Facebook,wide,Revenue,NA
31-May-20,Patients,Facebook,wide,Cost,0
31-May-20,Patients,Facebook,wide,Impressions,0
31-May-20,Patients,Facebook,wide,Clicks,0
31-May-20,Patients,Facebook,wide,Conversions,298
31-May-20,Patients,Facebook,wide,Revenue,NA
1-Jun-20,Patients,Facebook,wide,Cost,212.96
1-Jun-20,Patients,Facebook,wide,Impressions,14305
1-Jun-20,Patients,Facebook,wide,Clicks,558
1-Jun-20,Patients,Facebook,wide,Conversions,0
1-Jun-20,Patients,Facebook,wide,Revenue,NA
1-Jun-20,Patients,Facebook,wide,Cost,0
1-Jun-20,Patients,Facebook,wide,Impressions,0
1-Jun-20,Patients,Facebook,wide,Clicks,0
1-Jun-20,Patients,Facebook,wide,Conversions,262
1-Jun-20,Patients,Facebook,wide,Revenue,NA
2-Jun-20,Patients,Facebook,wide,Cost,67.67
2-Jun-20,Patients,Facebook,wide,Impressions,11940
2-Jun-20,Patients,Facebook,wide,Clicks,242
2-Jun-20,Patients,Facebook,wide,Conversions,0
2-Jun-20,Patients,Facebook,wide,Revenue,NA
2-Jun-20,Patients,Facebook,wide,Cost,0
2-Jun-20,Patients,Facebook,wide,Impressions,0
2-Jun-20,Patients,Facebook,wide,Clicks,0
2-Jun-20,Patients,Facebook,wide,Conversions,82
2-Jun-20,Patients,Facebook,wide,Revenue,NA
3-Jun-20,Patients,Facebook,wide,Cost,1216.44
3-Jun-20,Patients,Facebook,wide,Impressions,110226
3-Jun-20,Patients,Facebook,wide,Clicks,2600
3-Jun-20,Patients,Facebook,wide,Conversions,0
3-Jun-20,Patients,Facebook,wide,Revenue,NA
3-Jun-20,Patients,Facebook,wide,Cost,0
3-Jun-20,Patients,Facebook,wide,Impressions,0
3-Jun-20,Patients,Facebook,wide,Clicks,0
3-Jun-20,Patients,Facebook,wide,Conversions,778
3-Jun-20,Patients,Facebook,wide,Revenue,NA
4-Jun-20,Patients,Facebook,wide,Cost,1673.72
4-Jun-20,Patients,Facebook,wide,Impressions,104793
4-Jun-20,Patients,Facebook,wide,Clicks,2854
4-Jun-20,Patients,Facebook,wide,Conversions,0
4-Jun-20,Patients,Facebook,wide,Revenue,NA
4-Jun-20,Patients,Facebook,wide,Cost,0
4-Jun-20,Patients,Facebook,wide,Impressions,0
4-Jun-20,Patients,Facebook,wide,Clicks,0
4-Jun-20,Patients,Facebook,wide,Conversions,919
4-Jun-20,Patients,Facebook,wide,Revenue,NA
5-Jun-20,Patients,Facebook,wide,Cost,0
5-Jun-20,Patients,Facebook,wide,Impressions,0
5-Jun-20,Patients,Facebook,wide,Clicks,0
5-Jun-20,Patients,Facebook,wide,Conversions,792
5-Jun-20,Patients,Facebook,wide,Revenue,NA
5-Jun-20,Patients,Facebook,wide,Cost,1632.58
5-Jun-20,Patients,Facebook,wide,Impressions,130968
5-Jun-20,Patients,Facebook,wide,Clicks,2710
5-Jun-20,Patients,Facebook,wide,Conversions,0
5-Jun-20,Patients,Facebook,wide,Revenue,NA
5-Jun-20,Patients,Facebook,wide,Cost,0
5-Jun-20,Patients,Facebook,wide,Impressions,0
5-Jun-20,Patients,Facebook,wide,Clicks,0
5-Jun-20,Patients,Facebook,wide,Conversions,123
5-Jun-20,Patients,Facebook,wide,Revenue,NA
6-Jun-20,Patients,Facebook,wide,Cost,0
6-Jun-20,Patients,Facebook,wide,Impressions,0
6-Jun-20,Patients,Facebook,wide,Clicks,0
6-Jun-20,Patients,Facebook,wide,Conversions,834
6-Jun-20,Patients,Facebook,wide,Revenue,NA
6-Jun-20,Patients,Facebook,wide,Cost,1734.2
6-Jun-20,Patients,Facebook,wide,Impressions,120092
6-Jun-20,Patients,Facebook,wide,Clicks,2627
6-Jun-20,Patients,Facebook,wide,Conversions,0
6-Jun-20,Patients,Facebook,wide,Revenue,NA
7-Jun-20,Patients,Facebook,wide,Cost,0
7-Jun-20,Patients,Facebook,wide,Impressions,0
7-Jun-20,Patients,Facebook,wide,Clicks,0
7-Jun-20,Patients,Facebook,wide,Conversions,944
7-Jun-20,Patients,Facebook,wide,Revenue,NA
7-Jun-20,Patients,Facebook,wide,Cost,1794.76
7-Jun-20,Patients,Facebook,wide,Impressions,159195
7-Jun-20,Patients,Facebook,wide,Clicks,3114
7-Jun-20,Patients,Facebook,wide,Conversions,0
7-Jun-20,Patients,Facebook,wide,Revenue,NA
8-Jun-20,Patients,Facebook,wide,Cost,0
8-Jun-20,Patients,Facebook,wide,Impressions,0
8-Jun-20,Patients,Facebook,wide,Clicks,0
8-Jun-20,Patients,Facebook,wide,Conversions,807
8-Jun-20,Patients,Facebook,wide,Revenue,NA
8-Jun-20,Patients,Facebook,wide,Cost,1554.72
8-Jun-20,Patients,Facebook,wide,Impressions,133488
8-Jun-20,Patients,Facebook,wide,Clicks,2402
8-Jun-20,Patients,Facebook,wide,Conversions,0
8-Jun-20,Patients,Facebook,wide,Revenue,NA
9-Jun-20,Patients,Facebook,wide,Cost,0
9-Jun-20,Patients,Facebook,wide,Impressions,0
9-Jun-20,Patients,Facebook,wide,Clicks,0
9-Jun-20,Patients,Facebook,wide,Conversions,110
9-Jun-20,Patients,Facebook,wide,Revenue,NA
9-Jun-20,Patients,Facebook,wide,Cost,2702.02
9-Jun-20,Patients,Facebook,wide,Impressions,222090
9-Jun-20,Patients,Facebook,wide,Clicks,4021
9-Jun-20,Patients,Facebook,wide,Conversions,1059
9-Jun-20,Patients,Facebook,wide,Revenue,NA
10-Jun-20,Patients,Facebook,wide,Cost,2780.94
10-Jun-20,Patients,Facebook,wide,Impressions,196459
10-Jun-20,Patients,Facebook,wide,Clicks,3726
10-Jun-20,Patients,Facebook,wide,Conversions,1225
10-Jun-20,Patients,Facebook,wide,Revenue,NA
11-Jun-20,Patients,Facebook,wide,Cost,2764.78
11-Jun-20,Patients,Facebook,wide,Impressions,231745
11-Jun-20,Patients,Facebook,wide,Clicks,3422
11-Jun-20,Patients,Facebook,wide,Conversions,1101
11-Jun-20,Patients,Facebook,wide,Revenue,NA
12-Jun-20,Patients,Facebook,10%lal,Cost,131.61
12-Jun-20,Patients,Facebook,10%lal,Impressions,15226
12-Jun-20,Patients,Facebook,10%lal,Clicks,271
12-Jun-20,Patients,Facebook,10%lal,Conversions,25
12-Jun-20,Patients,Facebook,10%lal,Revenue,NA
12-Jun-20,Patients,Facebook,2%lal,Cost,125.91
12-Jun-20,Patients,Facebook,2%lal,Impressions,8679
12-Jun-20,Patients,Facebook,2%lal,Clicks,258
12-Jun-20,Patients,Facebook,2%lal,Conversions,21
12-Jun-20,Patients,Facebook,2%lal,Revenue,NA
12-Jun-20,Patients,Facebook,5%lal,Cost,131.96
12-Jun-20,Patients,Facebook,5%lal,Impressions,11626
12-Jun-20,Patients,Facebook,5%lal,Clicks,262
12-Jun-20,Patients,Facebook,5%lal,Conversions,19
12-Jun-20,Patients,Facebook,5%lal,Revenue,NA
12-Jun-20,Patients,Facebook,in-market,Cost,129.55
12-Jun-20,Patients,Facebook,in-market,Impressions,18190
12-Jun-20,Patients,Facebook,in-market,Clicks,320
12-Jun-20,Patients,Facebook,in-market,Conversions,24
12-Jun-20,Patients,Facebook,in-market,Revenue,NA
12-Jun-20,Patients,Facebook,remarketing,Cost,130.44
12-Jun-20,Patients,Facebook,remarketing,Impressions,9814
12-Jun-20,Patients,Facebook,remarketing,Clicks,294
12-Jun-20,Patients,Facebook,remarketing,Conversions,14
12-Jun-20,Patients,Facebook,remarketing,Revenue,NA
12-Jun-20,Patients,Facebook,wide,Cost,125.11
12-Jun-20,Patients,Facebook,wide,Impressions,11598
12-Jun-20,Patients,Facebook,wide,Clicks,280
12-Jun-20,Patients,Facebook,wide,Conversions,17
12-Jun-20,Patients,Facebook,wide,Revenue,NA
12-Jun-20,Patients,Facebook,wide,Cost,3093.68
12-Jun-20,Patients,Facebook,wide,Impressions,185856
12-Jun-20,Patients,Facebook,wide,Clicks,6718
12-Jun-20,Patients,Facebook,wide,Conversions,1088
12-Jun-20,Patients,Facebook,wide,Revenue,NA
13-Jun-20,Patients,Facebook,wide,Cost,39.24
13-Jun-20,Patients,Facebook,wide,Impressions,3526
13-Jun-20,Patients,Facebook,wide,Clicks,23
13-Jun-20,Patients,Facebook,wide,Conversions,3
13-Jun-20,Patients,Facebook,wide,Revenue,NA
13-Jun-20,Patients,Facebook,10%lal,Cost,211.39
13-Jun-20,Patients,Facebook,10%lal,Impressions,24222
13-Jun-20,Patients,Facebook,10%lal,Clicks,339
13-Jun-20,Patients,Facebook,10%lal,Conversions,51
13-Jun-20,Patients,Facebook,10%lal,Revenue,NA
13-Jun-20,Patients,Facebook,2%lal,Cost,211.31
13-Jun-20,Patients,Facebook,2%lal,Impressions,16137
13-Jun-20,Patients,Facebook,2%lal,Clicks,295
13-Jun-20,Patients,Facebook,2%lal,Conversions,53
13-Jun-20,Patients,Facebook,2%lal,Revenue,NA
13-Jun-20,Patients,Facebook,5%lal,Cost,211.44
13-Jun-20,Patients,Facebook,5%lal,Impressions,18043
13-Jun-20,Patients,Facebook,5%lal,Clicks,283
13-Jun-20,Patients,Facebook,5%lal,Conversions,50
13-Jun-20,Patients,Facebook,5%lal,Revenue,NA
13-Jun-20,Patients,Facebook,in-market,Cost,212.43
13-Jun-20,Patients,Facebook,in-market,Impressions,30668
13-Jun-20,Patients,Facebook,in-market,Clicks,351
13-Jun-20,Patients,Facebook,in-market,Conversions,48
13-Jun-20,Patients,Facebook,in-market,Revenue,NA
13-Jun-20,Patients,Facebook,remarketing,Cost,211.99
13-Jun-20,Patients,Facebook,remarketing,Impressions,16428
13-Jun-20,Patients,Facebook,remarketing,Clicks,306
13-Jun-20,Patients,Facebook,remarketing,Conversions,56
13-Jun-20,Patients,Facebook,remarketing,Revenue,NA
13-Jun-20,Patients,Facebook,wide,Cost,213.55
13-Jun-20,Patients,Facebook,wide,Impressions,19952
13-Jun-20,Patients,Facebook,wide,Clicks,262
13-Jun-20,Patients,Facebook,wide,Conversions,46
13-Jun-20,Patients,Facebook,wide,Revenue,NA
13-Jun-20,Patients,Facebook,wide,Cost,4009.3
13-Jun-20,Patients,Facebook,wide,Impressions,170655
13-Jun-20,Patients,Facebook,wide,Clicks,4122
13-Jun-20,Patients,Facebook,wide,Conversions,1113
13-Jun-20,Patients,Facebook,wide,Revenue,NA
14-Jun-20,Patients,Facebook,wide,Cost,136.08
14-Jun-20,Patients,Facebook,wide,Impressions,13271
14-Jun-20,Patients,Facebook,wide,Clicks,83
14-Jun-20,Patients,Facebook,wide,Conversions,15
14-Jun-20,Patients,Facebook,wide,Revenue,NA
14-Jun-20,Patients,Facebook,10%lal,Cost,184.84
14-Jun-20,Patients,Facebook,10%lal,Impressions,21883
14-Jun-20,Patients,Facebook,10%lal,Clicks,200
14-Jun-20,Patients,Facebook,10%lal,Conversions,66
14-Jun-20,Patients,Facebook,10%lal,Revenue,NA
14-Jun-20,Patients,Facebook,2%lal,Cost,185.43
14-Jun-20,Patients,Facebook,2%lal,Impressions,13501
14-Jun-20,Patients,Facebook,2%lal,Clicks,205
14-Jun-20,Patients,Facebook,2%lal,Conversions,41
14-Jun-20,Patients,Facebook,2%lal,Revenue,NA
14-Jun-20,Patients,Facebook,5%lal,Cost,185.09
14-Jun-20,Patients,Facebook,5%lal,Impressions,15895
14-Jun-20,Patients,Facebook,5%lal,Clicks,190
14-Jun-20,Patients,Facebook,5%lal,Conversions,47
14-Jun-20,Patients,Facebook,5%lal,Revenue,NA
14-Jun-20,Patients,Facebook,in-market,Cost,184.61
14-Jun-20,Patients,Facebook,in-market,Impressions,29020
14-Jun-20,Patients,Facebook,in-market,Clicks,247
14-Jun-20,Patients,Facebook,in-market,Conversions,60
14-Jun-20,Patients,Facebook,in-market,Revenue,NA
14-Jun-20,Patients,Facebook,remarketing,Cost,184.82
14-Jun-20,Patients,Facebook,remarketing,Impressions,14747
14-Jun-20,Patients,Facebook,remarketing,Clicks,239
14-Jun-20,Patients,Facebook,remarketing,Conversions,54
14-Jun-20,Patients,Facebook,remarketing,Revenue,NA
14-Jun-20,Patients,Facebook,wide,Cost,185
14-Jun-20,Patients,Facebook,wide,Impressions,17124
14-Jun-20,Patients,Facebook,wide,Clicks,229
14-Jun-20,Patients,Facebook,wide,Conversions,45
14-Jun-20,Patients,Facebook,wide,Revenue,NA
14-Jun-20,Patients,Facebook,wide,Cost,3367.92
14-Jun-20,Patients,Facebook,wide,Impressions,153746
14-Jun-20,Patients,Facebook,wide,Clicks,3173
14-Jun-20,Patients,Facebook,wide,Conversions,993
14-Jun-20,Patients,Facebook,wide,Revenue,NA
15-Jun-20,Patients,Facebook,wide,Cost,106.94
15-Jun-20,Patients,Facebook,wide,Impressions,9832
15-Jun-20,Patients,Facebook,wide,Clicks,75
15-Jun-20,Patients,Facebook,wide,Conversions,20
15-Jun-20,Patients,Facebook,wide,Revenue,NA
15-Jun-20,Patients,Facebook,10%lal,Cost,150.05
15-Jun-20,Patients,Facebook,10%lal,Impressions,15626
15-Jun-20,Patients,Facebook,10%lal,Clicks,192
15-Jun-20,Patients,Facebook,10%lal,Conversions,58
15-Jun-20,Patients,Facebook,10%lal,Revenue,NA
15-Jun-20,Patients,Facebook,2%lal,Cost,139.57
15-Jun-20,Patients,Facebook,2%lal,Impressions,10265
15-Jun-20,Patients,Facebook,2%lal,Clicks,163
15-Jun-20,Patients,Facebook,2%lal,Conversions,44
15-Jun-20,Patients,Facebook,2%lal,Revenue,NA
15-Jun-20,Patients,Facebook,5%lal,Cost,139.89
15-Jun-20,Patients,Facebook,5%lal,Impressions,12618
15-Jun-20,Patients,Facebook,5%lal,Clicks,185
15-Jun-20,Patients,Facebook,5%lal,Conversions,49
15-Jun-20,Patients,Facebook,5%lal,Revenue,NA
15-Jun-20,Patients,Facebook,in-market,Cost,140.34
15-Jun-20,Patients,Facebook,in-market,Impressions,22398
15-Jun-20,Patients,Facebook,in-market,Clicks,178
15-Jun-20,Patients,Facebook,in-market,Conversions,56
15-Jun-20,Patients,Facebook,in-market,Revenue,NA
15-Jun-20,Patients,Facebook,remarketing,Cost,140.07
15-Jun-20,Patients,Facebook,remarketing,Impressions,10863
15-Jun-20,Patients,Facebook,remarketing,Clicks,204
15-Jun-20,Patients,Facebook,remarketing,Conversions,48
15-Jun-20,Patients,Facebook,remarketing,Revenue,NA
15-Jun-20,Patients,Facebook,wide,Cost,149.12
15-Jun-20,Patients,Facebook,wide,Impressions,12975
15-Jun-20,Patients,Facebook,wide,Clicks,182
15-Jun-20,Patients,Facebook,wide,Conversions,51
15-Jun-20,Patients,Facebook,wide,Revenue,NA
15-Jun-20,Patients,Facebook,wide,Cost,2383.91
15-Jun-20,Patients,Facebook,wide,Impressions,116192
15-Jun-20,Patients,Facebook,wide,Clicks,2542
15-Jun-20,Patients,Facebook,wide,Conversions,725
15-Jun-20,Patients,Facebook,wide,Revenue,NA
16-Jun-20,Patients,Facebook,wide,Cost,0
16-Jun-20,Patients,Facebook,wide,Impressions,0
16-Jun-20,Patients,Facebook,wide,Clicks,0
16-Jun-20,Patients,Facebook,wide,Conversions,3
16-Jun-20,Patients,Facebook,wide,Revenue,NA
16-Jun-20,Patients,Facebook,10%lal,Cost,0
16-Jun-20,Patients,Facebook,10%lal,Impressions,0
16-Jun-20,Patients,Facebook,10%lal,Clicks,0
16-Jun-20,Patients,Facebook,10%lal,Conversions,12
16-Jun-20,Patients,Facebook,10%lal,Revenue,NA
16-Jun-20,Patients,Facebook,2%lal,Cost,0
16-Jun-20,Patients,Facebook,2%lal,Impressions,0
16-Jun-20,Patients,Facebook,2%lal,Clicks,0
16-Jun-20,Patients,Facebook,2%lal,Conversions,4
16-Jun-20,Patients,Facebook,2%lal,Revenue,NA
16-Jun-20,Patients,Facebook,5%lal,Cost,0
16-Jun-20,Patients,Facebook,5%lal,Impressions,0
16-Jun-20,Patients,Facebook,5%lal,Clicks,0
16-Jun-20,Patients,Facebook,5%lal,Conversions,5
16-Jun-20,Patients,Facebook,5%lal,Revenue,NA
16-Jun-20,Patients,Facebook,in-market,Cost,22.46
16-Jun-20,Patients,Facebook,in-market,Impressions,1857
16-Jun-20,Patients,Facebook,in-market,Clicks,28
16-Jun-20,Patients,Facebook,in-market,Conversions,18
16-Jun-20,Patients,Facebook,in-market,Revenue,NA
16-Jun-20,Patients,Facebook,remarketing,Cost,22.11
16-Jun-20,Patients,Facebook,remarketing,Impressions,1468
16-Jun-20,Patients,Facebook,remarketing,Clicks,19
16-Jun-20,Patients,Facebook,remarketing,Conversions,15
16-Jun-20,Patients,Facebook,remarketing,Revenue,NA
16-Jun-20,Patients,Facebook,wide,Cost,17.7
16-Jun-20,Patients,Facebook,wide,Impressions,1202
16-Jun-20,Patients,Facebook,wide,Clicks,16
16-Jun-20,Patients,Facebook,wide,Conversions,11
16-Jun-20,Patients,Facebook,wide,Revenue,NA
16-Jun-20,Patients,Facebook,wide,Cost,319.86
16-Jun-20,Patients,Facebook,wide,Impressions,21953
16-Jun-20,Patients,Facebook,wide,Clicks,445
16-Jun-20,Patients,Facebook,wide,Conversions,231
16-Jun-20,Patients,Facebook,wide,Revenue,NA
17-Jun-20,Patients,Facebook,10%lal-cr,Cost,13.45
17-Jun-20,Patients,Facebook,10%lal-cr,Impressions,904
17-Jun-20,Patients,Facebook,10%lal-cr,Clicks,11
17-Jun-20,Patients,Facebook,10%lal-cr,Conversions,3
17-Jun-20,Patients,Facebook,10%lal-cr,Revenue,NA
17-Jun-20,Patients,Facebook,10%lal,Cost,0
17-Jun-20,Patients,Facebook,10%lal,Impressions,0
17-Jun-20,Patients,Facebook,10%lal,Clicks,0
17-Jun-20,Patients,Facebook,10%lal,Conversions,3
17-Jun-20,Patients,Facebook,10%lal,Revenue,NA
17-Jun-20,Patients,Facebook,2%lal-cr,Cost,12.98
17-Jun-20,Patients,Facebook,2%lal-cr,Impressions,602
17-Jun-20,Patients,Facebook,2%lal-cr,Clicks,14
17-Jun-20,Patients,Facebook,2%lal-cr,Conversions,4
17-Jun-20,Patients,Facebook,2%lal-cr,Revenue,NA
17-Jun-20,Patients,Facebook,2%lal,Cost,0
17-Jun-20,Patients,Facebook,2%lal,Impressions,0
17-Jun-20,Patients,Facebook,2%lal,Clicks,0
17-Jun-20,Patients,Facebook,2%lal,Conversions,2
17-Jun-20,Patients,Facebook,2%lal,Revenue,NA
17-Jun-20,Patients,Facebook,5%lal-cr,Cost,12.91
17-Jun-20,Patients,Facebook,5%lal-cr,Impressions,571
17-Jun-20,Patients,Facebook,5%lal-cr,Clicks,13
17-Jun-20,Patients,Facebook,5%lal-cr,Conversions,4
17-Jun-20,Patients,Facebook,5%lal-cr,Revenue,NA
17-Jun-20,Patients,Facebook,in-market,Cost,50.14
17-Jun-20,Patients,Facebook,in-market,Impressions,3142
17-Jun-20,Patients,Facebook,in-market,Clicks,57
17-Jun-20,Patients,Facebook,in-market,Conversions,21
17-Jun-20,Patients,Facebook,in-market,Revenue,NA
17-Jun-20,Patients,Facebook,remarketing,Cost,50.3
17-Jun-20,Patients,Facebook,remarketing,Impressions,3044
17-Jun-20,Patients,Facebook,remarketing,Clicks,72
17-Jun-20,Patients,Facebook,remarketing,Conversions,25
17-Jun-20,Patients,Facebook,remarketing,Revenue,NA
17-Jun-20,Patients,Facebook,wide,Cost,49.86
17-Jun-20,Patients,Facebook,wide,Impressions,2667
17-Jun-20,Patients,Facebook,wide,Clicks,47
17-Jun-20,Patients,Facebook,wide,Conversions,20
17-Jun-20,Patients,Facebook,wide,Revenue,NA
17-Jun-20,Patients,Facebook,wide,Cost,409.48
17-Jun-20,Patients,Facebook,wide,Impressions,23452
17-Jun-20,Patients,Facebook,wide,Clicks,502
17-Jun-20,Patients,Facebook,wide,Conversions,236
17-Jun-20,Patients,Facebook,wide,Revenue,NA
18-Jun-20,Patients,Facebook,10%lal-cr,Cost,49.31
18-Jun-20,Patients,Facebook,10%lal-cr,Impressions,2995
18-Jun-20,Patients,Facebook,10%lal-cr,Clicks,71
18-Jun-20,Patients,Facebook,10%lal-cr,Conversions,18
18-Jun-20,Patients,Facebook,10%lal-cr,Revenue,NA
18-Jun-20,Patients,Facebook,10%lal,Cost,0
18-Jun-20,Patients,Facebook,10%lal,Impressions,0
18-Jun-20,Patients,Facebook,10%lal,Clicks,0
18-Jun-20,Patients,Facebook,10%lal,Conversions,2
18-Jun-20,Patients,Facebook,10%lal,Revenue,NA
18-Jun-20,Patients,Facebook,2%lal-cr,Cost,49.33
18-Jun-20,Patients,Facebook,2%lal-cr,Impressions,2347
18-Jun-20,Patients,Facebook,2%lal-cr,Clicks,66
18-Jun-20,Patients,Facebook,2%lal-cr,Conversions,16
18-Jun-20,Patients,Facebook,2%lal-cr,Revenue,NA
18-Jun-20,Patients,Facebook,2%lal,Cost,0
18-Jun-20,Patients,Facebook,2%lal,Impressions,0
18-Jun-20,Patients,Facebook,2%lal,Clicks,0
18-Jun-20,Patients,Facebook,2%lal,Conversions,2
18-Jun-20,Patients,Facebook,2%lal,Revenue,NA
18-Jun-20,Patients,Facebook,5%lal-cr,Cost,49.79
18-Jun-20,Patients,Facebook,5%lal-cr,Impressions,2087
18-Jun-20,Patients,Facebook,5%lal-cr,Clicks,57
18-Jun-20,Patients,Facebook,5%lal-cr,Conversions,19
18-Jun-20,Patients,Facebook,5%lal-cr,Revenue,NA
18-Jun-20,Patients,Facebook,5%lal,Cost,0
18-Jun-20,Patients,Facebook,5%lal,Impressions,0
18-Jun-20,Patients,Facebook,5%lal,Clicks,0
18-Jun-20,Patients,Facebook,5%lal,Conversions,2
18-Jun-20,Patients,Facebook,5%lal,Revenue,NA
18-Jun-20,Patients,Facebook,in-market,Cost,51.7
18-Jun-20,Patients,Facebook,in-market,Impressions,2658
18-Jun-20,Patients,Facebook,in-market,Clicks,46
18-Jun-20,Patients,Facebook,in-market,Conversions,20
18-Jun-20,Patients,Facebook,in-market,Revenue,NA
18-Jun-20,Patients,Facebook,remarketing,Cost,51.35
18-Jun-20,Patients,Facebook,remarketing,Impressions,2490
18-Jun-20,Patients,Facebook,remarketing,Clicks,69
18-Jun-20,Patients,Facebook,remarketing,Conversions,16
18-Jun-20,Patients,Facebook,remarketing,Revenue,NA
18-Jun-20,Patients,Facebook,wide,Cost,53.91
18-Jun-20,Patients,Facebook,wide,Impressions,2269
18-Jun-20,Patients,Facebook,wide,Clicks,59
18-Jun-20,Patients,Facebook,wide,Conversions,26
18-Jun-20,Patients,Facebook,wide,Revenue,NA
18-Jun-20,Patients,Facebook,wide,Cost,398.96
18-Jun-20,Patients,Facebook,wide,Impressions,21215
18-Jun-20,Patients,Facebook,wide,Clicks,437
18-Jun-20,Patients,Facebook,wide,Conversions,180
18-Jun-20,Patients,Facebook,wide,Revenue,NA
19-Jun-20,Patients,Facebook,10%lal-cr,Cost,35.83
19-Jun-20,Patients,Facebook,10%lal-cr,Impressions,1589
19-Jun-20,Patients,Facebook,10%lal-cr,Clicks,49
19-Jun-20,Patients,Facebook,10%lal-cr,Conversions,13
19-Jun-20,Patients,Facebook,10%lal-cr,Revenue,NA
19-Jun-20,Patients,Facebook,10%lal,Cost,0
19-Jun-20,Patients,Facebook,10%lal,Impressions,0
19-Jun-20,Patients,Facebook,10%lal,Clicks,0
19-Jun-20,Patients,Facebook,10%lal,Conversions,4
19-Jun-20,Patients,Facebook,10%lal,Revenue,NA
19-Jun-20,Patients,Facebook,2%lal-cr,Cost,36.19
19-Jun-20,Patients,Facebook,2%lal-cr,Impressions,1329
19-Jun-20,Patients,Facebook,2%lal-cr,Clicks,33
19-Jun-20,Patients,Facebook,2%lal-cr,Conversions,11
19-Jun-20,Patients,Facebook,2%lal-cr,Revenue,NA
19-Jun-20,Patients,Facebook,2%lal,Cost,0
19-Jun-20,Patients,Facebook,2%lal,Impressions,0
19-Jun-20,Patients,Facebook,2%lal,Clicks,0
19-Jun-20,Patients,Facebook,2%lal,Conversions,1
19-Jun-20,Patients,Facebook,2%lal,Revenue,NA
19-Jun-20,Patients,Facebook,5%lal-cr,Cost,36.26
19-Jun-20,Patients,Facebook,5%lal-cr,Impressions,1266
19-Jun-20,Patients,Facebook,5%lal-cr,Clicks,42
19-Jun-20,Patients,Facebook,5%lal-cr,Conversions,16
19-Jun-20,Patients,Facebook,5%lal-cr,Revenue,NA
19-Jun-20,Patients,Facebook,in-market,Cost,35.16
19-Jun-20,Patients,Facebook,in-market,Impressions,1487
19-Jun-20,Patients,Facebook,in-market,Clicks,34
19-Jun-20,Patients,Facebook,in-market,Conversions,10
19-Jun-20,Patients,Facebook,in-market,Revenue,NA
19-Jun-20,Patients,Facebook,remarketing,Cost,36.13
19-Jun-20,Patients,Facebook,remarketing,Impressions,1537
19-Jun-20,Patients,Facebook,remarketing,Clicks,42
19-Jun-20,Patients,Facebook,remarketing,Conversions,20
19-Jun-20,Patients,Facebook,remarketing,Revenue,NA
19-Jun-20,Patients,Facebook,wide,Cost,35.73
19-Jun-20,Patients,Facebook,wide,Impressions,1344
19-Jun-20,Patients,Facebook,wide,Clicks,33
19-Jun-20,Patients,Facebook,wide,Conversions,17
19-Jun-20,Patients,Facebook,wide,Revenue,NA
19-Jun-20,Patients,Facebook,wide,Cost,410.65
19-Jun-20,Patients,Facebook,wide,Impressions,18229
19-Jun-20,Patients,Facebook,wide,Clicks,426
19-Jun-20,Patients,Facebook,wide,Conversions,170
19-Jun-20,Patients,Facebook,wide,Revenue,NA
20-Jun-20,Patients,Facebook,10%lal-cr,Cost,0
20-Jun-20,Patients,Facebook,10%lal-cr,Impressions,0
20-Jun-20,Patients,Facebook,10%lal-cr,Clicks,0
20-Jun-20,Patients,Facebook,10%lal-cr,Conversions,3
20-Jun-20,Patients,Facebook,10%lal-cr,Revenue,NA
20-Jun-20,Patients,Facebook,10%lal,Cost,0
20-Jun-20,Patients,Facebook,10%lal,Impressions,0
20-Jun-20,Patients,Facebook,10%lal,Clicks,0
20-Jun-20,Patients,Facebook,10%lal,Conversions,4
20-Jun-20,Patients,Facebook,10%lal,Revenue,NA
20-Jun-20,Patients,Facebook,2%lal-cr,Cost,0
20-Jun-20,Patients,Facebook,2%lal-cr,Impressions,0
20-Jun-20,Patients,Facebook,2%lal-cr,Clicks,0
20-Jun-20,Patients,Facebook,2%lal-cr,Conversions,3
20-Jun-20,Patients,Facebook,2%lal-cr,Revenue,NA
20-Jun-20,Patients,Facebook,5%lal-cr,Cost,0
20-Jun-20,Patients,Facebook,5%lal-cr,Impressions,0
20-Jun-20,Patients,Facebook,5%lal-cr,Clicks,0
20-Jun-20,Patients,Facebook,5%lal-cr,Conversions,1
20-Jun-20,Patients,Facebook,5%lal-cr,Revenue,NA
20-Jun-20,Patients,Facebook,in-market,Cost,0
20-Jun-20,Patients,Facebook,in-market,Impressions,0
20-Jun-20,Patients,Facebook,in-market,Clicks,0
20-Jun-20,Patients,Facebook,in-market,Conversions,2
20-Jun-20,Patients,Facebook,in-market,Revenue,NA
20-Jun-20,Patients,Facebook,remarketing,Cost,0
20-Jun-20,Patients,Facebook,remarketing,Impressions,0
20-Jun-20,Patients,Facebook,remarketing,Clicks,0
20-Jun-20,Patients,Facebook,remarketing,Conversions,2
20-Jun-20,Patients,Facebook,remarketing,Revenue,NA
20-Jun-20,Patients,Facebook,wide,Cost,430.55
20-Jun-20,Patients,Facebook,wide,Impressions,20696
20-Jun-20,Patients,Facebook,wide,Clicks,513
20-Jun-20,Patients,Facebook,wide,Conversions,186
20-Jun-20,Patients,Facebook,wide,Revenue,NA
21-Jun-20,Patients,Facebook,wide,Cost,0
21-Jun-20,Patients,Facebook,wide,Impressions,0
21-Jun-20,Patients,Facebook,wide,Clicks,0
21-Jun-20,Patients,Facebook,wide,Conversions,1
21-Jun-20,Patients,Facebook,wide,Revenue,NA
21-Jun-20,Patients,Facebook,10%lal-cr,Cost,0
21-Jun-20,Patients,Facebook,10%lal-cr,Impressions,0
21-Jun-20,Patients,Facebook,10%lal-cr,Clicks,0
21-Jun-20,Patients,Facebook,10%lal-cr,Conversions,2
21-Jun-20,Patients,Facebook,10%lal-cr,Revenue,NA
21-Jun-20,Patients,Facebook,10%lal,Cost,0
21-Jun-20,Patients,Facebook,10%lal,Impressions,0
21-Jun-20,Patients,Facebook,10%lal,Clicks,0
21-Jun-20,Patients,Facebook,10%lal,Conversions,1
21-Jun-20,Patients,Facebook,10%lal,Revenue,NA
21-Jun-20,Patients,Facebook,2%lal-cr,Cost,0
21-Jun-20,Patients,Facebook,2%lal-cr,Impressions,0
21-Jun-20,Patients,Facebook,2%lal-cr,Clicks,0
21-Jun-20,Patients,Facebook,2%lal-cr,Conversions,2
21-Jun-20,Patients,Facebook,2%lal-cr,Revenue,NA
21-Jun-20,Patients,Facebook,2%lal,Cost,0
21-Jun-20,Patients,Facebook,2%lal,Impressions,0
21-Jun-20,Patients,Facebook,2%lal,Clicks,0
21-Jun-20,Patients,Facebook,2%lal,Conversions,1
21-Jun-20,Patients,Facebook,2%lal,Revenue,NA
21-Jun-20,Patients,Facebook,5%lal-cr,Cost,0
21-Jun-20,Patients,Facebook,5%lal-cr,Impressions,0
21-Jun-20,Patients,Facebook,5%lal-cr,Clicks,0
21-Jun-20,Patients,Facebook,5%lal-cr,Conversions,1
21-Jun-20,Patients,Facebook,5%lal-cr,Revenue,NA
21-Jun-20,Patients,Facebook,in-market,Cost,0
21-Jun-20,Patients,Facebook,in-market,Impressions,0
21-Jun-20,Patients,Facebook,in-market,Clicks,0
21-Jun-20,Patients,Facebook,in-market,Conversions,1
21-Jun-20,Patients,Facebook,in-market,Revenue,NA
21-Jun-20,Patients,Facebook,remarketing,Cost,0
21-Jun-20,Patients,Facebook,remarketing,Impressions,0
21-Jun-20,Patients,Facebook,remarketing,Clicks,0
21-Jun-20,Patients,Facebook,remarketing,Conversions,1
21-Jun-20,Patients,Facebook,remarketing,Revenue,NA
21-Jun-20,Patients,Facebook,wide,Cost,0
21-Jun-20,Patients,Facebook,wide,Impressions,0
21-Jun-20,Patients,Facebook,wide,Clicks,0
21-Jun-20,Patients,Facebook,wide,Conversions,2
21-Jun-20,Patients,Facebook,wide,Revenue,NA
21-Jun-20,Patients,Facebook,wide,Cost,369.59
21-Jun-20,Patients,Facebook,wide,Impressions,17153
21-Jun-20,Patients,Facebook,wide,Clicks,462
21-Jun-20,Patients,Facebook,wide,Conversions,189
21-Jun-20,Patients,Facebook,wide,Revenue,NA
22-Jun-20,Patients,Facebook,wide,Cost,0
22-Jun-20,Patients,Facebook,wide,Impressions,0
22-Jun-20,Patients,Facebook,wide,Clicks,0
22-Jun-20,Patients,Facebook,wide,Conversions,1
22-Jun-20,Patients,Facebook,wide,Revenue,NA
22-Jun-20,Patients,Facebook,10%lal-cr,Cost,0
22-Jun-20,Patients,Facebook,10%lal-cr,Impressions,0
22-Jun-20,Patients,Facebook,10%lal-cr,Clicks,0
22-Jun-20,Patients,Facebook,10%lal-cr,Conversions,1
22-Jun-20,Patients,Facebook,10%lal-cr,Revenue,NA
22-Jun-20,Patients,Facebook,remarketing,Cost,0
22-Jun-20,Patients,Facebook,remarketing,Impressions,0
22-Jun-20,Patients,Facebook,remarketing,Clicks,0
22-Jun-20,Patients,Facebook,remarketing,Conversions,1
22-Jun-20,Patients,Facebook,remarketing,Revenue,NA
22-Jun-20,Patients,Facebook,wide,Cost,280.41
22-Jun-20,Patients,Facebook,wide,Impressions,16303
22-Jun-20,Patients,Facebook,wide,Clicks,335
22-Jun-20,Patients,Facebook,wide,Conversions,125
22-Jun-20,Patients,Facebook,wide,Revenue,NA
23-Jun-20,Patients,Facebook,10%lal-cr,Cost,0
23-Jun-20,Patients,Facebook,10%lal-cr,Impressions,0
23-Jun-20,Patients,Facebook,10%lal-cr,Clicks,0
23-Jun-20,Patients,Facebook,10%lal-cr,Conversions,2
23-Jun-20,Patients,Facebook,10%lal-cr,Revenue,NA
23-Jun-20,Patients,Facebook,2%lal-cr,Cost,20.26
23-Jun-20,Patients,Facebook,2%lal-cr,Impressions,666
23-Jun-20,Patients,Facebook,2%lal-cr,Clicks,31
23-Jun-20,Patients,Facebook,2%lal-cr,Conversions,10
23-Jun-20,Patients,Facebook,2%lal-cr,Revenue,NA
23-Jun-20,Patients,Facebook,5%lal-cr,Cost,0
23-Jun-20,Patients,Facebook,5%lal-cr,Impressions,0
23-Jun-20,Patients,Facebook,5%lal-cr,Clicks,0
23-Jun-20,Patients,Facebook,5%lal-cr,Conversions,1
23-Jun-20,Patients,Facebook,5%lal-cr,Revenue,NA
23-Jun-20,Patients,Facebook,in-market,Cost,0
23-Jun-20,Patients,Facebook,in-market,Impressions,0
23-Jun-20,Patients,Facebook,in-market,Clicks,0
23-Jun-20,Patients,Facebook,in-market,Conversions,1
23-Jun-20,Patients,Facebook,in-market,Revenue,NA
23-Jun-20,Patients,Facebook,remarketing,Cost,0
23-Jun-20,Patients,Facebook,remarketing,Impressions,0
23-Jun-20,Patients,Facebook,remarketing,Clicks,0
23-Jun-20,Patients,Facebook,remarketing,Conversions,1
23-Jun-20,Patients,Facebook,remarketing,Revenue,NA
23-Jun-20,Patients,Facebook,wide,Cost,0
23-Jun-20,Patients,Facebook,wide,Impressions,0
23-Jun-20,Patients,Facebook,wide,Clicks,0
23-Jun-20,Patients,Facebook,wide,Conversions,1
23-Jun-20,Patients,Facebook,wide,Revenue,NA
23-Jun-20,Patients,Facebook,wide,Cost,146.14
23-Jun-20,Patients,Facebook,wide,Impressions,8569
23-Jun-20,Patients,Facebook,wide,Clicks,206
23-Jun-20,Patients,Facebook,wide,Conversions,66
23-Jun-20,Patients,Facebook,wide,Revenue,NA
24-Jun-20,Patients,Facebook,2%lal-cr,Cost,27.38
24-Jun-20,Patients,Facebook,2%lal-cr,Impressions,711
24-Jun-20,Patients,Facebook,2%lal-cr,Clicks,33
24-Jun-20,Patients,Facebook,2%lal-cr,Conversions,11
24-Jun-20,Patients,Facebook,2%lal-cr,Revenue,NA
24-Jun-20,Patients,Facebook,5%lal-cr,Cost,0
24-Jun-20,Patients,Facebook,5%lal-cr,Impressions,0
24-Jun-20,Patients,Facebook,5%lal-cr,Clicks,0
24-Jun-20,Patients,Facebook,5%lal-cr,Conversions,1
24-Jun-20,Patients,Facebook,5%lal-cr,Revenue,NA
24-Jun-20,Patients,Facebook,wide,Cost,257.39
24-Jun-20,Patients,Facebook,wide,Impressions,13086
24-Jun-20,Patients,Facebook,wide,Clicks,392
24-Jun-20,Patients,Facebook,wide,Conversions,130
24-Jun-20,Patients,Facebook,wide,Revenue,NA
25-Jun-20,Patients,Facebook,2%lal-cr,Cost,27.87
25-Jun-20,Patients,Facebook,2%lal-cr,Impressions,677
25-Jun-20,Patients,Facebook,2%lal-cr,Clicks,47
25-Jun-20,Patients,Facebook,2%lal-cr,Conversions,15
25-Jun-20,Patients,Facebook,2%lal-cr,Revenue,NA
25-Jun-20,Patients,Facebook,wide,Cost,261.85
25-Jun-20,Patients,Facebook,wide,Impressions,14873
25-Jun-20,Patients,Facebook,wide,Clicks,379
25-Jun-20,Patients,Facebook,wide,Conversions,136
25-Jun-20,Patients,Facebook,wide,Revenue,NA
26-Jun-20,Patients,Facebook,2%lal-cr,Cost,27.59
26-Jun-20,Patients,Facebook,2%lal-cr,Impressions,698
26-Jun-20,Patients,Facebook,2%lal-cr,Clicks,38
26-Jun-20,Patients,Facebook,2%lal-cr,Conversions,20
26-Jun-20,Patients,Facebook,2%lal-cr,Revenue,NA
26-Jun-20,Patients,Facebook,wide,Cost,267.39
26-Jun-20,Patients,Facebook,wide,Impressions,12328
26-Jun-20,Patients,Facebook,wide,Clicks,351
26-Jun-20,Patients,Facebook,wide,Conversions,120
26-Jun-20,Patients,Facebook,wide,Revenue,NA
27-Jun-20,Patients,Facebook,2%lal-cr,Cost,27.85
27-Jun-20,Patients,Facebook,2%lal-cr,Impressions,655
27-Jun-20,Patients,Facebook,2%lal-cr,Clicks,46
27-Jun-20,Patients,Facebook,2%lal-cr,Conversions,22
27-Jun-20,Patients,Facebook,2%lal-cr,Revenue,NA
27-Jun-20,Patients,Facebook,wide,Cost,274.83
27-Jun-20,Patients,Facebook,wide,Impressions,10784
27-Jun-20,Patients,Facebook,wide,Clicks,347
27-Jun-20,Patients,Facebook,wide,Conversions,122
27-Jun-20,Patients,Facebook,wide,Revenue,NA
28-Jun-20,Patients,Facebook,2%lal-cr,Cost,23.21
28-Jun-20,Patients,Facebook,2%lal-cr,Impressions,602
28-Jun-20,Patients,Facebook,2%lal-cr,Clicks,38
28-Jun-20,Patients,Facebook,2%lal-cr,Conversions,12
28-Jun-20,Patients,Facebook,2%lal-cr,Revenue,NA
28-Jun-20,Patients,Facebook,wide,Cost,231.23
28-Jun-20,Patients,Facebook,wide,Impressions,8603
28-Jun-20,Patients,Facebook,wide,Clicks,311
28-Jun-20,Patients,Facebook,wide,Conversions,121
28-Jun-20,Patients,Facebook,wide,Revenue,NA
29-Jun-20,Patients,Facebook,2%lal-cr,Cost,17.38
29-Jun-20,Patients,Facebook,2%lal-cr,Impressions,477
29-Jun-20,Patients,Facebook,2%lal-cr,Clicks,23
29-Jun-20,Patients,Facebook,2%lal-cr,Conversions,14
29-Jun-20,Patients,Facebook,2%lal-cr,Revenue,NA
29-Jun-20,Patients,Facebook,wide,Cost,174.96
29-Jun-20,Patients,Facebook,wide,Impressions,6746
29-Jun-20,Patients,Facebook,wide,Clicks,244
29-Jun-20,Patients,Facebook,wide,Conversions,85
29-Jun-20,Patients,Facebook,wide,Revenue,NA
